Writing,New words,Words translation
ゲームシステム設定,設定,options setting;configuration; setup
同意する,同意,agreement; consent;
侵入者確認できず,,
クスリが効きすぎたか。起こせ,効く,to be effective; to take effect;
冷酷な刑事,冷酷,cruelty; coldheartedness;
素直になれ…それとも、お注射もう１本いくか？,"それとも
注射",
いいから通して。緊急です。被疑者に　どうしても確かめたい事が。,"緊急
被疑者","urgency; emergency
suspect"
たった今　お宅の部長さんから電話があった,"宅
部長",
自分で確かめるまで、納得できません。,納得,understanding; satisfaction
時間を切らせてもらうよ。長話は、許可できない。,"長話
許可","long talk
permission; approval;"
だから正直を答えて。これに私も時間がないの。,正直,honestly; frankly
他人の「心」なんて、一体どうやったら盗めるの？,,
貴方は囚われ…,囚われ,imprisonment; captive
"全ては、半年前…
ゲームが始まったあの日…",,
ここまでの物語を保存しますか？,保存,saving
迷った時などに参考にしてください。,"参考
参考にする",
今日から世話になるサクラーソウジロウの家…,世話,care; looking after; help; assistance;
ん？その住所のお宅…？,住所,address; residence;
留守みたいだな…,留守,absence; being away from home
でもルブランは裏路地だし　他の配送が先かな,"路地
配送","alley; alleyway
delivery"
これじゃ、市民は安心して暮らせませんよ。,市民,citizen;
"変な暴走事故、続いてるじゃない。
この辺でも起きなきゃいいなってね。",暴走,acting rashly; running wildly;
"サクラーソウジロウだ
一年間、お前を預かる事になってる。",預かる,to look after; to take care of;
寝床のシーツくらいはくれてやるよ。,寝床,bed;
後は、自分で片付けろ。,片付ける,to tidy up; to put in order;
店閉めたら、俺は引き上げる。,引き上げる,to withdraw; to leave;
一応、事情は聞いてるよ。,"一応
事情","more or less; for the time being
circumstances; conditions;"
"余計なこと言うなよ。
これでも客商売だからな。",余計,unnecessary; needless;
おまえな…「保護観察」期間だよ。,"保護観察
保護
観察
期間","probation
protection; safeguard; guardianship; custody;
observation; survey; watching
period; term;"
先生がたに挨拶参りだ,挨拶,greeting; greetings;
"お前らのような無能な連中は、
黙って俺の「舵取り」に従え。","無能
舵取り","incompetence; inefficiency; inability;
guidance; leadership;"
気づいたようだな、囚人。,囚人,prisoner; convict
"改めて伝えておくが、
問題を起こせば、即、退学処分だ。","退学処分
退学
処分","expulsion (from school)
expulsion from school;
disposal; throwing away;"
"これから、君が問題を起こしても、
私は一切かばえません。","一切
かばう",
全ては彼の責任だ。,責任,duty; responsibility
"そういや先月に、
大きな交通事故な。",交通,
電話の音は、自分の携帯からではないようだ。,"携帯
",
"あー…店閉めたんだが、
店の表札を裏返すの忘れてな。","表札
裏返す","nameplate; doorplate
to turn inside out; to turn the other way;"
"俺は携帯に
男の番号は登録しない主義。","登録
主義","registration; accession; register; entry;
doctrine; rule; principle;"
それじゃ表札の件、頼んだぞ。,件,matter; affair; case; item; subject
"明日は早い…
今日は出歩くのはおこう…",出歩く,to go out; to go around; to walk about; to roam
テーブルは上はキレイに磨かれている。,磨く,to polish; to shine; to burnish; to scour; to scrub; to brush (teeth);
渋谷まで出て、乗り換えるようだ,乗り換える,"to transfer (trains); to change (bus, train)"
例の地下鉄事故のニュースだ…,"例
地下鉄","said; aforementioned
subway; metro; underground (railway)"
負傷者が多数出ているらしい。,"負傷者
多数","injured person; wounded person; casualty
large number (of); many"
また、いつの間にか復活している…,いつの間にか,
"初日から遅刻まずい。
そろそろ出発しよう。","初日
遅刻","first day; opening day
lateness; tardiness; arriving late"
"まあ、メシくらいくれてやる。
客が来る前に済ませるよ。",済ませる,to finish; to make an end of; to get through with;
"さっさと行け。
迷うと遅刻するぞ。",,
あ、外の札「OPEN」に変えといてくれ。,札,sign; card; plate
"路地を戻って、突き当たりを左だよ。
大きな通りが見える方",突き当たる,to run into; to collide with; to crash into; to bump against
"しかし物騒だよねえ…
世の中、どうなってんだか。","物騒
世の中","dangerous; unsettled; troubled;
society; the world; the times"
"あんな事故の後だから、一応ね。
不安な市民も多いようだし。",,
物凄い圧迫感だ…,"物凄い
圧迫感","terrific; staggering; tremendous
feeling of oppression"
"銀座線ですか？
それでしたら、こちらの改札になります。",改札,ticket gate; ticket barrier
"急にだよ、雨。
春先は、これだから…",春先,beginning of spring
そういや…傘持ってたよ…？,傘,umbrella
最近、物騒な事故が続くよね。,,
同僚が巻き込まれて、入院しちまってね…,"同僚
入院","coworker; co
hospitalization; hospitalisation"
"事故や事件起こした人、
なんか突然おかしくなったらしいじゃない？",,
時間がかかった、ようやく辿り着いた…,,
"好き放題しやがって…お城の王様かよ。
そう思わねえか？",放題,(doing) as one pleases; to one's heart's content; letting (something) go unchecked;
あ…？　他にねえだろう、この制服。,制服,uniform
"巷で「精神暴走事件」なんて呼ばれてる騒ぎ、
知ってるね。",巷,
あの日…君はまだ「単なる学生」だったの？,単なる,mere; simple; sheer
喜べ、貴様の処刑が決まった。,"喜ぶ
処刑","to be delighted; to be glad; to be pleased
execution"
"また逆らうつもりか？
貴様、ちっとも反省してないな？　え？","反省
しっとも",
"ほう、貴様、逃げるのか？
随分、薄情な仲間だな？",薄情,unfeeling; heartless; cold
俺様は、コイツの処刑に集中するとしよう…,集中,concentration (on a task); focusing one's attention
我は、お前に宿る、反逆者の魂。,"反逆者
宿る","rebel; traitor
to dwell; to live; to remain"
"出口が知りたいのか？
出してくれれば案内するぞ。",,
ついてこい、静かにだぞ！,,
いや、そんなの余計面倒なことになるし,,
決まってるだろ、橋を降ろすんだよ。,,
"基本中の基本だ。
覚えとけ！",基本,basics; fundamentals; basis; foundation
テメエ、騙しやがったのか！？,騙す,to trick; to cheat; to deceive
"校長から聞いていると思うが、
問題を起こしたら、退学だからな？",校長,principal; head teacher; headmaster;
初日から半日遅刻ね…,,
屋上って、立ち入り禁止…,"屋上
立ち入り禁止","rooftop
No Entry; No Trespassing;off"
"次の新聞ネタ、どうしよ…
どっかにいいネタないかな…",ネタ,
"聞いたぜ、「前歴」あんだって？
噂んなってるよ。",前歴,personal history
"お前は知らないだろうが、
やろうには…噂があんだよ。",,
初日から、半日サボったって？,サボる,
"何かあったら、人生終わっちまうんだ。
保護観察って意味、分かってるか？",,
"…違うって、男だよ。
バイトを雇っただけだって。",,
"鍵かけて、それと、電気消しとけ。
忘れんなよ。",,
真面目な学生生活を送れ,,
まずは再会を喜ぶとしよう。,,
これでようやく更生を始められる。,更生,rehabilitation; remaking one's life; starting life anew
お前には…期待しているのだよ。,期待,expectation; anticipation; hope
"あれを使えば、
現実をパレスとを行き来できる。",行き来,coming and going; keeping in touch; visiting each other
"立派な「賊」になれるよう。
せいぜい精進なさい。",精進,concentration; diligence; devotion
"すべては、お前がより優れた…
「賊」に育つ。",優れる,to surpass; to outstrip; to excel
"ふん、時間だ。
戻ってせいぜい休憩時間を楽しむがいい…",休憩,rest; break; recess; intermission
また奇妙な夢を見た…,奇妙,strange; odd;
"無事に学校に着いたようだ…
あの城は、なんだったのだろう…？",,
正解だ。,正解,correct answer; right solution;
"よく分かるな…
ホントに不良？",不良,delinquent; hooligan
"質問に答えられたことで
すこし賢くなった気がする…",賢い,wise; clever; smart
"帰り、乗って行くか？
近ごろ、事件だなんだで物騒だしな。",近頃,lately; recently; nowadays
"いえ、今日はバイトで撮影が…
夏の特集号で、外せなくて…",撮影,photographing; filming; shooting;
"親友は練習ばかりで、寂しいだろう？
悪いと思って誘ったんだが。",,
"…ああそうそう、例の転校生、
気を付けた方がいいぞ。",例の,mentioned person or object); aforementioned; you
"ナビがどうか知らねえけど、
携帯からそれっぽい声、出てだろ",っぽい,ish;
アプリ立ち上げるだけだろう？,立ち上げる,to start (something); to start up; to boot (a computer);
"せっかく逃げ延びたのに
また正面から来るとはな。","せっかく
正面",
あいつが歪んだ心の目で見ている学校だ。,歪む,to warp; to bend; to be perverted; to be warped
捕まってる奴隷だろう。,奴隷,slave; servant
こっから先は、戦いが避けられそうもない。,避ける,to avoid(situation)
"ここだけ歪みが少ない。
主の支配が弱い場所ってことだ。",主,head (of a household); proprietor (of a store); proprietress; landlord; landlady; master (of a servant)
歪んだ欲望が具現化した世界、と言ってもいい。,"欲望
具現化","desire; appetite; lust
embodiment; realization; materialization"
防ぐには、強い「反逆の意志」を持つしかない。,防ぐ,to defend against; to protect against
"でも見た目、超リアルだし、
脅すくらいには使えねんだろう。",超,extremely; really; totally; absolutely
修練城って言ってたな？,修練,training; drill; practice; discipline
"じゃ、じゃあ、警戒度が上がっちまったら、
逃げるしかねえのか？","警戒
度","vigilance; caution; alertness; precaution;
degree (angle, temperature, scale, etc.)"
"こいつらはな、
鴨志田が「認知してるだけの人間」だ。",認知,recognition; cognition; acknowledgement; acknowledgment;
"しっかし、ひでえな。
現実でも「奴隷」扱いってことだろ？",扱い,treatment; service; treating as; treating like
"鴨志田には体罰の噂があんだよ。
あくまで噂だけど…","体罰
あくまで",
"急げ！
早く脱出するぞ！",脱出,escape; break
"リュージ、冷静になれ！
あの子は、どうやら本物じゃない。",,
気味が悪い。,気味,sensation; feeling
要は使い方次第か,要は,in short; the point is; the important thing is; in a word; basically
"それよりもまずは
体罰の証拠だ",証拠,evidence; proof
"身体が疲れている。
あの異世界のせいだろうか…",身体,
"どうだ？
この場所には慣れてきたね？",,
"お前の更生は、ひいては滅びの運命を退けるため。
そのような事、独りの力ではならぬ","ひいては
滅びる",
"だが今日、お前は、
同じ力に目覚めた隣人と、協力の約束をしたな？",隣人,neighbour; neighbor;
"貴方を取り囲む絆が強くなれば、
それだけペルソナも力を得るでしょう。","取り囲む
得る","to surround; to crowd around
to get; to earn; to acquire; to procure; to gain;"
フフ…契約成立だな。,成立,establishment; conclusion (e.g. of a deal); reaching (e.g. an agreement);
イゴールからの期待を感じる…,,
"教師チームと対戦って…意味わかんねえーよ。
鴨志田先生に敵うわけないじゃん。","敵う
対戦","to match (implies competition); to rival;
fighting (against); taking on (an opponent); facing; confronting; competing (with);"
"バレー部員とか、生傷だらけなんだろ？
どんな練習してんだよ…こえーよ。","部員
生傷","staff; member (club, society, etc.)
fresh wound; fresh bruise"
"絶対、体罰の証人みつけてやる。
待ってろよ、あのクソ教師。",証人,witness
手分けしよう,手分け,division of labour; division of labor; splitting into groups (e.g. to search)
"杏のクラス転校生、
ひどい言われようだね…",,
断られた,,
放課後,放課後,after school (at the end of the day)
…たまたま、知り合ったんだよ。,たまたま,
一応、忠告…それだけ。,,
口止めされてんのか？,口止め,forbidding mentioning (something to others); imposing silence (on); ordering (someone) to keep quiet;
今日は、ちょっと具合が悪くて…,具合,condition; state
"…私の親友もね、見た目だけで
いろいろ誤解される子でね…",誤解,misunderstanding
"パレスを消すってのは、
要は「改心」させるってことだ。",改心,conversion; reform; correcting someone's conduct
"それに耐えられなくなって、
鴨志田は自分から「罪」を告白しちまうはずだ！",,
"ついてこないで…
放っといてってば！",放る,to neglect; to abandon; to leave alone;
鴨志田を説得する方法、考えてみるから。,説得,persuasion
不良に絡まれた。,絡む,to be involved; to twine; to get tangled;
"下手したら鴨志田は
死んだも同然になるんだろ？",同然,"just like; (virtually) no different from; (almost) the same as; as good as (e.g. dead, settled)"
"改心すれば体罰はなくなるだろう。
しかしその代償は大きすぎる…",代償,price (of achieving a goal); cost
授業に集中ちろ,,
"俺や鈴井だけじゃない、他の部員も。。。
先生、機嫌が悪い「ご指名」で…殴るんだ","機嫌
指名","temper; mood; spirits
naming; calling on; asking for;"
"意識不明で回復絶望的…
そんなやつが何を訴えるって！？","意識
絶望的
訴える","consciousness
desperate; hopeless
to sue (a person); to take someone to court"
"また、それかよ
なら、もう一度「正当防衛」が必要だな？",正当防衛,legitimate self
挑発に乗るな,,
三島、一緒に脅迫して来たお前も同罪だからな。,"脅迫
同罪","threat; menace; blackmail
being equally guilty; bearing the same amount of responsibility"
"お前の将来、俺に奪われて終わりってわけ。
…分かったらとっとと出てけ。",将来,future; (future) prospects
"ぶっ飛ばすんじゃなくて、
歪んだ欲望を奪うんだよ。",,
"そういやさ、パレスを消滅って、
やっぱ大変なのか…？",消滅,extinction; extinguishment; disappearance;
ジョーカー？あだ名か？,あだ名,nickname
"ばか！見ろ、あの兵士の数。
自殺行為だ。前ので懲りただろ。","行為
懲りる","act; deed;
to learn by experience; to learn one's lesson; to learn the hard way"
"俺様に意見してるぞ？
どう思う？",意見,scolding;opinion; view;
"どうやって遊ぼうかな？
バラバラに解体しちゃおっか？",解体,dissection (of a body);demolition; taking down;
"あ、噓。
やっぱまだ混乱してる。",混乱,disorder; chaos; confusion; mayhem
"私、猫と喋れてるんだね。
すごく、不思議な感じ…",喋る,
"足手まといみたいに言わないで。
見たでしょ？　私だって戦える。",足手まとい,impediment; burden; encumbrance; hindrance; drag
"周りの目を欺く演技、
それに長ける者がいてもおかしくはないわ…",長ける,to excel at; to be proficient at
"友達思いで、おまけに美人…なんて子なんだ。
わがはい、すっかり心を奪われちまったぜ…",おまけに,
"パレスの中じゃ連絡とれないからな。
わがはい、こっちに残ってやるよ。",,
じゃあ、わがはいの滞在場所を確認しに行くぞ。,滞在,stay;
"近所に診療所あっただろ？
そこの医者なんだがな…",診療所,clinic; medical office; infirmary
"適当な診察して
聞いたことねえ薬を出すって噂だ。",診察,medical examination
なんで拾って来たんだ…！？,拾う,to pick up; to gather
"うちは飲食店だぞ。
動物はねーだろ…",飲食店,restaurant
"けど、世話する生きもんが居りゃ、
大人しくしてるかも知れない、か…
",,
お前、皿洗っとけよ。,皿,plate; dish; platter;
まあ、鴨志田の牢獄に比べれば天国か。,牢獄,prison; jail; gaol
"お世話するのと引き換えに、
わがはいの潜入道具だ。","引き換え
潜入","exchange; conversion
infiltration; sneaking in;"
モルガナは、なんだか嬉しそうだ…,,
あらゆる場所への巧妙な潜入と脱出…,"あらゆる
巧妙",
得体の知れない重圧を感じる。,"得体
重圧","nature; character
strong pressure; heavy pressure"
"お医者さんがちゃんと処方した薬なら
きっと治るって！","処方
治る","prescription; formulation; formula; recipe
to get better; to get well; to recover (from an illness); to be cured; to be restored; to heal"
"放課後はアジトに集合で
いいんだよな？",集合,meeting up; gathering; assembly
"やれやれ…
完璧に避けるにはもっと器用さが必要だな。","器用
完璧","skillful; adroit; dexterous;
perfect; complete; flawless"
"まずは貧弱な装備を
どうにかしないといけないだろうな。","貧弱
どうにか",
"あとはパレスで消耗した時のために
クスリを調達しておくか…","消耗
調達","exhaustion; consumption; using up;
supply; provision;"
"そんな怪しい噂が立つ医者なら
相談に乗ってくれんじゃないかってな。",,
それより本題に入らないの？,本題,main topic; main subject;
"貴方、健康でしょ。
それが見抜けないほどバカじゃない。",健康,healthy; health
"体調を崩しても自己責任。
それでよければ、いつでもどうぞ。",体調,physical condition; state of health
"ま、どうでもいい。
貴方が面倒を起こさない間は…ね。",,
仕事は無い、保障は無い、蓄えも出来ない…,保証,guarantee; security; assurance;
"ああ…なんだ？
暇ならさらの一枚でも洗え。",,
これでひとまず、パレスに行く準備は整ったな。,整う,to be in order; to be put in order; to be ready; to be prepared;
"その机だ
早く片付けてくれ。",,
"今回はわがはいが材料を提供してやる。
キーピックを作ってみろ。","材料
提供","materials; ingredients
offer; tender; providing; supplying;"
"難しく考えるな。
習うより慣れるだ。",習う,to take lessons in; to be taught; to learn (from a teacher); to study (under a teacher);
"最初はみんな不器用なんだ。
うまくいかなくても落ち込むなよ？",不器用,clumsy; awkward; unskillful
"みんな分かってるんだろうな？
期限は5月2日だぞ？",期限,period; time frame; time limit; deadline
"お宝ってのは、
パレス主の歪んだ欲望の象徴.",象徴,(abstract) symbol; representation
"まあ、そういうことだ。
実際に行かないと分からないことも多いしな…",実際,reality; actuality; truth;
"イゴールと関係が
深まっているのを感じる",,
"仲間たちからは、
ただ立っていたように見えたようだ…",,
"ま、簡単に言えば
シャドウに見つからない安全地帯ってこと",地帯,area; zone;
休憩と相談か…そうだね。,,
そうだな、長話してる余裕はねえ,余裕,leeway; room; space; time;
うむ、より戦闘を有利にする戦い方だ,有利,advantageous; favourable; better;
"よし、まずはお手本を見せてやる！
よく見とけよ！",手本,model; pattern;copybook
この隙にバトンタッチで交代するんだ！,"隙
交代","gap; space; break;
alternation; change;substitution (sports, etc.); taking turns"
"弱点を突いて、
同じようにやってみろ！",,
"お前の観察能力なら、
きっと何か見えてくるはずだ！",,
"お前のというやつは…
見取り図がどれほど重要なのか知らないのか？",見取り図,floor plan; blueprint
"見取り図を手に入れれば、行ってない場所の
地形や情報が把握できる。","地形
把握","terrain; geographical features; topography
understanding; grasp"
"どれだけじゃないぞ。
シャドウもウロウロしてるみたいだ。",うろうろ,
"洗濯するなら、たしかルブランの近くに
コインランドリーがあったはずだが…",,
鮮やかな勝利だ！,鮮やか,vivid; bright; brilliant
本棚,本棚,bookshelves; bookshelf; bookcase
"げ…なんだよ、この部屋…
鈴井の写真だらけじゃねえか！？",,
"覚えてるか？
柵を開ける仕掛けに付いてた「丸いくぼみ」だ！","付いてる
柵
仕掛け
凹み","to be attached; to have; to be included; to come with;
fence;
device; contrivance; mechanism;
hollow; cavity;"
"変な形の建物だね…？
塔か何かかな…",,
"今の場所から考えると…
距離的には後半分ってとこだな",距離,distance; range; interval
"気をつける、わがはいの予想通りなら
あいつはちょっと厄介だぞ！",予想,expectation; anticipation; prediction;
なんか、今までと雰囲気違うね…,雰囲気,atmosphere; mood; ambience;
"その歪みが集まって生み出されるのがこれだ。
わがはいは「いし」って呼んでる。",生み出す,to create; to bring forth; to produce
もらっておいて損はない…はずだ。,損,loss; damage; harm;
ていうか、なんか浮かんでる…何かこれ？,,
"お宝は場所を突き止めただけじゃ奪えない。
「実体化」させてやんないと。","突き止める
実体化","to pin down;to locate; to identify
substantiation; materialization;"
"自分の欲望が、狙われてるお宝だって事を、
まず本人に自覚させなきゃいけない。","本人
自覚","the person in question; the person themselves;
self"
けど、やってみる価値はあんな！,価値,value; worth; merit
これで「潜入ルート」は確保できたぜ。,,
"ルート確保の目的は果たした。
どうする、今はもう引き上げるか？",果たす,to accomplish; to achieve;
"更生プログラムの一環として、
「チャレンジバトル」を開催するぞ。","一環
開催","link (e.g. in a chain of events); part (of a plan, campaign, activities, etc.)
holding (a conference, exhibition, etc.); opening;"
結果次第では報酬も与えてやる。,"結果
次第","result; consequence; outcome;
depending on"
"このバトルでは貴方の中にある
認知の仲間と共に戦うことを認めます。",,
引き継ぐ技能を選びなさい。,"引き継ぐ
技能","to take over; to hand over
technical skill; ability;"
"もうルートは確保済んでんだし、
予告状、とっとと出しちまわねーか？","予告
状","advance notice; preliminary announcement
letter; (used as a suffix)"
"お宝ルートは確保済みだ。
どうする、引き上げるか？",済み,arranged; taken care of; settled; completed;
"あとは出現したお宝を奪うだけか。
いよいよだな。",出現,appearance; arrival;make one's appearance
諸君、今日はお疲れだ！,諸君,you (people); ladies and gentlemen; my friends; everyone
"少しでも問題起こしてみろ。
お前の人生、お先真っ暗だぞ。",,
"常識の範囲でな。
キッチンの中にいじるな。","範囲
いじる",
"そこの本棚も大変なことになってるし
この際だから、全部片付けてしまおうぜ！",際,on the occasion of; circumstances;
"で、わがはいの予想通り、
お宝が有ったわけが…",,
"けど、モテルためなら
我慢して頑張ってみっかな!",我慢,endurance; patience;self
"本はそうだな…
確か、学校の図書室で借りれたよな？",図書室,library (usu. single
読書は苦手,読書,reading (a book)
午前,午前,morning; A.M.
両方同じ長さ,両方,both; both sides; both parties
"世界がどう見えるかは、
脳の認知次第、か…",脳,brain
鴨志田先生、めちゃくちゃ怒ってるらしいよ。,,
"三島くんとあきらくん、あと不良の坂本が
まとめて退学になるって。",まとめて,
そろそろ、リュウジとの関係が深まりそうだ…,,
"じゃ、わがはいはその辺を散歩してくるから
帰る時に声かけてくれ。",散歩,walk; stroll
後悔してるのか？,後悔,regret; remorse
"よし！
天井の棒を使って身体を鍛える",鍛える,to train; to discipline
"作戦の指揮を任せるからには
身体も鍛えてもらわないと困る。",指揮,command; supervision
"プロテインはトレーニングの効果を高めます。
効率的に鍛えたい場合に活用しましょう。","効率的
活用","efficient
practical use; application"
いや…利用するのは構わないんですが…,構う,to mind; to care about; to be concerned about;
"勉強…？
ああ、受験のためとか？",受験,taking an examination
"集中力と疲労回復が目的？
ばかなこと考える者だね。",疲労,fatigue; weariness; exhaustion;
"私は貴方の受験のために「お薬」を提供。
代わりに貴方はモルモットになる取引。",モルモット,
そうじろと関係を深められる、いい機会かもしれない…,機会,chance; opportunity
"世の中にそんな馬鹿が増えねえように
こっちで芽を潰してやってんだよ。",芽,sprout; shoot; bud
そうじろとの距離が少し縮まるのを感じる,縮まる,
"…あの喫茶店のマスター、
協力者だったんじゃないの！？",喫茶店,coffee shop
"まだ時間はあるから、
焦って失敗するのだけは避けなきゃ。",焦る,to be in a hurry; to be impatient;
今日は患者が少なくてラクね…,,
"あ、でも雨…
風邪の患者が増えたら面倒か…",風邪,cold;
"そう言えば、あの薬を飲むと
また倒れるかもしれない…",,
ガタガタ揺れてるぜ…,"ガタガタ
揺れる",
"学校も真面目に行ってるみたいだし、
その辺までなら夜も出歩いて構わないぞ。",,
"じゃ、あまいデザート追加するか？
３００円だよ",追加,addition; supplement
"駅近くていい立地だねえ？
ねえ？",立地,choosing a site (e.g. for industry); deciding on a location
"あっ、この匂い…懐かしいね！
あのカレーだろ？",懐かしい,fondly
"んで、閉め作業は出来たか？
今後はお前に任せるから、覚えろよ。",今後,from now on;
"じゃあ、今日こそ
焼きそばパンをゲットだな！",,
"今の話もそうだけど
季節限定とか、世の中、色々あるよな…",限定,limit; restriction
上等だぜ。,上等,(that's) just fine!; bring it on!;superior; first
同感だ,同感,same feeling; same sentiment; same opinion;
"ちょっと、ホントに大丈夫…？
正体バレたりしたれ、これまでの苦労が…",苦労,trouble; hardship; difficulty;
お前ら、準備を怠んなよ？,怠る,to neglect;  to leave undone; to avoid (doing);
"泣いても笑っても明日が勝負だ。
準備は万全にしとけよ？",万全,perfection; flawlessness
"抵抗できない生徒に歪んだ欲望をぶつける、
お前のクソさ加減は分かっている。",加減,amount; balance; state; condition
"まあいい。
どうせ貴様らは、じき退学だ",時期,time; phase;
"今の鴨志田の反応…
パレスに絶対影響が出てるはずだ！",影響,influence; effect; impact
行くぞ！油断するなよ！,油断,negligence; carelessness;
"他に警備を回して
ここが手薄になったのかもしれん。","警備
手薄","defense; defence; guard;
shorthanded; short of hands; undermanned"
王冠だけ狙おう,王冠,crown;
ここはすぐに崩壊する！,崩壊,
目的地が消去されました。,消去,elimination; erasure; clearing;
"鴨志田にとっての欲望の源が、
それだったってことだ。",源,source; origin; root
"でも、鴨志田の人格に、
相当な影響を与えたのは間違いない。","人格
相当
",
"豆は棚にあるのを適当に使え。
それぞれの特徴はそのうち教えてやる。","豆
それぞれ
特徴",
"一緒に練習したほうが
効率いい気がすんだけど…",,
"誰かから誘いあったんだろ？
食べ終えたら、2階で返信してみるか？","返信
",
"ちょっと！
不吉なこと言わないでよ",不吉,ominous; sinister;
"絶妙なマズさと引き換えに
お客様の体調を強化する","絶妙
強化","exquisite; superb; perfect;
strengthening; intensifying; reinforcement;"
購入する,購入,purchase; buy
"昔は全国目指してたのによ、
全然だめじゃねえか…",,
俺ら…「元」陸上部の「居場所」だよ。,"陸上部
居場所","track and field club
place where one belongs;place; location"
"みんな、鴨志田の野郎には
我慢してたんだ。",,
"むちゃくちゃなこと言われても、
何時間も正座させられても、陸上部のためだって…",正座,"kneeling with the tops of the feet flat on the floor, and sitting on the soles"
"地下鉄の復旧早くて
助かった…
",復旧,restoration; restitution;
"でも助けられなかった
友達失格だよ",失格,being unfit for one's role; being a failure
"おい、あん殿が明らかに動揺してるぞ！
男らしく助けてやれ！","明らか
動揺","clear; obvious; evident;
shaking; trembling; pitching;"
鴨志田先生から「自宅謹慎する」って連絡が…,"自宅
謹慎","one's home; one's house
confinement to one's home; house arrest"
"君たちの退学の話も、保留になるかもね…
良くは知らないけど…",保留,reservation; putting on hold; deferment
"俺、この間、気になってた子と
話す機会があったんだけど…",,
"本で覚えたこと話したら
すげえ盛り上がったんだよ！",盛り上がる,to get excited
"…偶然うまくいったからって
浮かれている場合じゃないぞ。",浮かれる,to make merry; to celebrate
"いいか？知識だけじゃダメだ。
立ち回りの器用さも大事だぞ。",知識,knowledge; information
"相手を受け入れる優しさはもちろん、
時にはビビシッと言える度胸もいる…",度胸,courage; bravery; guts
人を引きつける魅力だって必要だ。,"引きつける
魅力","to attract; to charm;
charm; appeal"
"とりあえず毎日、風呂入ってきれいにしとく。
不潔な奴は嫌われるっていうし","風呂
不潔","bath; bathing;
unclean; dirty; filthy"
"俺、まだ廊下のトコいるからよ
何かあったら連絡くれな",廊下,corridor; hallway;
"気分転換に
ラーメンでも食いにいかね？","気分
転換","feeling; mood
conversion; changeover; switchover"
"死者と会話出来る女性の
不思議な物語だ…","死者
会話","dead person; (the) deceased; (the) dead;
conversation; talk; chat"
"お前が「a person of talent」
がどうか訊いてるみたいだな。",訊く,
ラーメン丼,丼,"donburi; bowl of meat,"
"保証してやれなくて悪いな。
だが、必ず変化はあるはずだ。",,
"不気味な事件を追う
捜査官の物語だ…",捜査官,(police) investigator
"ま、どうせただのいたずらだろ？
本気にしてる奴なんていねえよ。",いたずら,
"私は教師としてあるまじきことを
繰り返してまいりました…",,
"生徒への暴言、部員への体罰…
そして…女子生徒への性的な嫌がらせ…","暴言
性的
嫌がらせ","abusive language; violent language;
sex; sexual
harassment; pestering"
もちろん、それは撤回します…,撤回,withdrawal; retraction;
"私は傲慢で、浅はかで…
恥ずべき人間、いや人間以下だ","傲慢
浅はか","haughty; arrogant; insolent;
shallow; superficial;"
朝礼は終了します！解散！解散して！！,"朝礼
解散","morning assembly
dispersal; disbandment; split"
"でも「死んで詫ます」とか
「自首します」とか、急に言う？","詫びる
自首","to apologize;
surrender (to the authorities); turning oneself in"
"俺たち、知ってたのに…
見て見ぬふりしてた。",,
"高巻さん、私、誤解してて…
変な噂広めちゃって…ごめん！",,
"謝りたいって思ってる子
きっと、たくさんいると思う。",,
つーか、どうだった？見舞い…,見舞い,visiting ill or distressed people;
"セクハラとか、自殺未遂とか…
やっぱレッテル付いて回るし","セクハラ
未遂
レッテル",
"ひとまず、今後のことは、
事態が落ち着いてから相談だね。",事態,situation; (present) state of affairs;
"って、３万！？
金メダルの価値って３万かよ！？",,
事態を見守ることには賛成だ。,見守る,to watch over; to keep watch over; to keep an eye on
"怪盗の相談は美食の席でと決まってる。
どうだ？",美食,gourmet food; delicious food
俺は借金あるし、文句は言えねえ…,"借金
文句","debt; loan;
complaint; grumbling; objection"
"次の日からの学校生活に備えて、
勢いつけるって意味で。","備える
",
いいよな、お前は明日から連休で…,,
"おいおい、確保してどうすんだ。
好奇心は猫を殺すんだぜ？",好奇心,curiosity; inquisitiveness
メダルを換金しに行くぞ。,換金,conversion (into money);
悪いね、なんか催促したみたいで。,催促,pressing; urging; demanding; demand
"さて、次の話題…過去の栄光から一転、
逮捕された五輪メダリストに一体何が？","話題
栄光
一転
五輪","topic; subject
glory
complete change;sudden transformation
Olympic Games; Olympics"
"体にベタベタ触ってきたりとか、
しょっちゅうあって…我慢してました。","ベタベタ
しょっちゅう",
"見てねえな
さすがに伏せるだろ",伏せる,to turn over (face down); to lay face down;
"絶対がっかりさせないから
楽しみにしてて！",がっかり,
"ご主人に手伝い頼まれても
ちゃんと断れよ？",,
生意気、言ってんじゃねえ。,生意気,cheeky; cocky;
"人間の心理状態って、
そう簡単に変わるものかしら。",心理,
"何だ、その紙袋は？
ちょっと中を見せてみろ！",紙袋,paper bag
とにかく、捜査に協力しろ！,,
"チャンスじゃねえーか？
返すとき、ミリタリー屋に交渉してみようぜ！",交渉,negotiations; bargaining;
"想像以上に、反応が大きくて…
ちょっとびっくりした…かな。",想像,imagination; supposition; guess
とにかく、成功したんだから、お祝いだよね！,"
祝い",
"明日、渋谷駅前に１２時。
遅刻厳禁だから！",厳禁,strict prohibition; ban;
せっかくだ、飾ってみようせ！,飾る,to display; to put on show; to decorate;
さて、自室を飾り付けてみるか？,自室,one's own room
あ！　ここ時間制限あんじゃん！？,制限,restriction; limit
スイーツメニュー…食べ尽くすなきゃ…！,尽くす,to use up; to exhaust; to devote oneself (to); to do one's utmost
ああ、溶ける,溶ける,to melt; to dissolve
"鴨志田の事件のこと
話題になってるな。",,
そんなに視聴率よかったんですか？,視聴率,ratings (e.g. of a television program); audience rating;
相手はあほな大衆だからな。,大衆,general public; the masses
"真面目に調べる案件じゃないだろ。
そもそもばかばかしい話だし。","案件
そもそも",
"うちで扱うには
少し子供っぽすぎると思いますけど。",,
どうよ、高級料理とご対面した感想は？,"高級
対面
感想","high
meeting face
impressions; thoughts;"
"てか、持ってきすぎだよ。
残したら行儀、悪いし。",行儀,manners; behaviour
やめろ…酸っぱい話とか…,酸っぱい,sour; acid
"わ、わがはいも…
頼む…そっと運んでくれ…",そっと,
"「吐くまで食う」って豪語して
ほんとに吐くとか…バカなのか？","吐く
豪語
",
"さっき、俺らも会ったんだ。
身勝手で、人のこと見下してるクソな大人…","身勝手
見下す","selfish; self
to look down (on);"
"困ってる人を見過ごしたら、
前の自分に戻っちゃう…！",見過ごす,to let go by; to let pass; to overlook;
想像もしたことがなかったが…,,
"たしかに、あの力があれば、
人助けくらいは出来るかもしれない…",,
"異議なーし。
俺、そういう責任感いるの苦手。","異議
責任感","objection;
sense of responsibility"
ルーキーの提案にしては上出来だな。,"提案
上出来","proposal; proposition; suggestion
good work; great success"
うむ、「全会一致で決めた大物」か。,"全会
一致
大物","whole assembly
agreement; accord; unity;
important person; influential figure; big shot;"
怪盗団の結成だぜ！,結成,formation;
"美学を共有する仲間と出会い、
お前は現実に自分の居場所を見出した。","美学
共有
見出す","esthetics; aesthetics
joint ownership; co
to find out; to discover; to notice;"
シャドウと戦い、経験を積むこともひとつ。,積む,to acquire; to accumulate; to pile up; to stack
"お前が現実を過ごす合間に、
契約した者との関係を洗練させろ！","過ごす
合間
洗練","to pass (time); to spend
interval; break; pause;
polish; refinement"
"…刻限です。
束の間の休憩時間へと戻りなさい…","刻限
束の間","time; appointed time
moment; brief space of time"
契約者を訪ねることを忘れるなよ、囚人！,訪ねる,
"鴨志田先生のことはまだ警察が調査中だし、
私の口からは何ともね…",調査,investigation; examination
"弁解じゃないけど、同僚として見る限りじゃ、
鴨志田先生は、まあ普通の人だったから。",弁解,explanation (e.g. for one's actions); excuse; justification; defense;
"人間って、心の中の無意識の部分に
幾つも「別の人格」を持ってるんだって。","無意識
部分","unconsciousness
portion; section; part"
鴨志田くんの有様は…君もみたね。,有様,state; condition;
仰ってる意味が…,仰る,to say; to speak; to tell;
"鴨志田先生が「変わった」のは事実だ。
原因が何なのか、正しく掴んでおきたい。",掴む,to seize; to catch; to grasp;
"君は「何か」をした「誰か」を探るんだ。
でないと無責任な噂も収まらない。","探る
無責任
収まる","to investigate; to search for; to look for
irresponsibility
to be settled (dispute, conflict, etc.); to be sorted;to settle down"
"どこの大学にも推薦できるよ。
新島真くん。",推薦,recommendation; endorsement
"君に何か不本意があったら、
お姉さんは、あまり都合がよくないだろうね…","不本意
都合","reluctant; unwilling;
circumstances; condition;"
"マジで警察来てるな…
玄関の所で見たぜ",玄関,entrance; front door; entryway;
なに今の神回避！？,回避,evasion; avoidance
"怪盗団の今後には、期待してる。
内心そう思ってるやつ、多分たくさんいる。",内心,at heart; deep down;inner thoughts;
"世間の評判とは別のところで、
怪盗団を支持し続けた声があったらしいわね。","世間
評判
支持","world; society;the public
reputation; (public) estimation; popularity
support; backing;"
"…だから、「私もごめん」って、
お互い謝ったんだ",,
"私ね…鴨志田から、脅されたでしょ？
付き合わなければ、しほのレギュラーを外すって",,
"強引だったから驚いたけど…
助けてくれたんだよね。","強引
驚く","verbearing; pushy;
to be surprised; to be astonished"
"いい感じの特訓、思いついたら連絡するから、
また付き合ってね！","\r
特訓",
"今日からお前が戸締りしろ。
帰りをいちいち待ってられないからな。",戸締り,locking up (doors and windows);
"せっかくだから
ちょっと出掛けてみるか？",出掛ける,to go out (e.g. on an excursion or outing); to leave; to depart;
真相は不明ではないすか！？,"真相
不明","truth; real situation
unclear; obscure; unknown;"
…君、熱心に聞いてくれているね。,熱心,enthusiastic; keen;
政治に興味があるのかい？,政治,politics;
"…うーん、確かに若い人手が欲しい所だが、
未経験者を雇うわけにいかないな。","人手
未経験者","help; assistance
inexperienced person"
"申し訳ないね。
また演説を聞きに来てくれると嬉しいよ。",演説,speech;
"牛丼屋でバイトすれば、
ちょっとは器用さが磨けるんじゃないか？",,
"いや、紹介等は結構だ。
早速、仕事に取り掛かってくれ。","等
取り掛かる","et cetera; etc.; and the like; and so forth
to begin; to set about; to start"
"お客さんの注文を聞いて、作って、配膳して、
会計して、片付けて、後は店を掃除する。","配膳
会計","setting a place;
bill (at a restaurant); check; accounting;"
"まあ、やるだけやってみようぜ。
わがはいも応援してやるよ。",応援,cheering; rooting (for); aid; assistance;
"パレスを持ってそうな大物の依頼、
来そうな気配もねえし…","依頼
気配","request; commission;
indication; sign; hint;"
自力で探すしかねえーか？,自力,one's own efforts;
"そうそう、ここね、
例の事故もあったし閉鎖することになってたの。",閉鎖,closing;
"掲示板見たよ！
ストーカーの成敗を見事！","掲示板
成敗","display board; notice board
punishment; judgement;"
"っと、ごめんごめん。
最近、ちょっと寝不足なんだ。",寝不足,lack of sleep; insufficient sleep
怪チャンの管理しっぱなしで,管理,control; management
"ホラ、怪盗お願いチャンネル」、
略して怪チャン。",略,abbreviation; omission
"まあね。でもそっちに比べれば、
俺はあくまで後方支援さ。","後方
支援","behind; in the rear;
support; backing;"
"君たちが、実際どうやって
悪党を成敗してるのか知りたいけど…",,
"怪盗団の人気をコントロール…
いや、プロデュースするんだ。",人気,popularity
"承知いたしました。
少々お待ちください！",承知,acceptance; acknowledgment
"見た目は美味しそうだけど…
いや、美味しいんだろうけど…うむむ。",,
"なんか学校の雰囲気
変わったよな？",,
"だからって
同情なんかできない。",同情,sympathy; compassion;
"「多くの大衆が抱く気持ち」ってのは、
メメントスにも影響するもんなんだ",抱く,"to have (a thought or feeling); to hold; to harbour (suspicion, doubt, etc.);"
"…って事は、倒すのも無視するのも楽そうだな。
まっ、実際の具合は行って確かめようぜ。",無視,disregarding; ignoring
"メメントスには1匹、格段にヤバイ奴がいてな…
のんびりしてるとコイツが襲ってくるんだ。","格段
のんびり",
"ジョゼが
色欲の結晶を見ている…","色欲
結晶","lust; sexual appetite;
crystal; crystallization"
けど、まだ力を出し切れていないみたい。,,
"これでそのアクセサリーも、
真の力を発揮できるようになった。",発揮,"show (of power, ability, etc.); exhibition;"
色欲の指輪,指輪,(finger) ring
"あっちの世界の地下鉄で見て、
ひらめいたんだ。",ひらめく,
"持ってたら交換して欲しいな。
いいもの拾っておいたよ。",,
"あれ、メメントスを出ると何故か消えちゃうんだ。
僕も理由は分からない…不思議だよね。",何故,why; how
だから、忘れずに僕の所に交換しに来てね。,,
"このエリアから
ターゲットの気配を感じるぞ！",,
"お疲れ、お兄さん。
探索は順調？","探索
順調","search; lookup;
favorable; doing well;"
"メメントスから現実世界へ帰還します。
お疲れ様でした。",帰還,return (home); repatriation
エリア４待合室を発見した,待合室,waiting room
"キリがいいところまで来たな。
眼鏡の奧に知性の光…なんてな。","キリ
知性",
学校には真面目に通ってるのね。,通う,"to go to (school, work, etc.); to attend;"
"転校してきたばかりなのに…
よっぽど気が合うのかしら？","よっぽど
気が合う",
"彼女、鴨志田先生の被害者だったみたいだけど
本当にそれだけかしら…",被害者,victim; injured party;
"皆さんお待かね
武士の時代の始まりです。",武士,samurai; warrior
"料金は1回1回払うから、
めんどくせー契約とかもいらねーんだ。",料金,fee; charge; fare
だから、むしろお前には感謝してるよ。,むしろ,
複雑そうだな,複雑,mixed (feelings); complex; complicated;
"けどよ…気になんのは、新しい顧問の山内だ。
あいつは「ミニ鴨志田」だ。",顧問,advisor; consultant
"い、いや、　失敗失敗！
最近、掲示板の書き込みがホント増えちゃって！",書き込み,posting (e.g. to a blog)
"次こそは失望させないよ。
俺、絶対、怪盗団の役に立ってみせるから！",失望,disappointment; despair
入手経験値獲得量が上がる,獲得,acquisition; possession
やっぱネットって基本、匿名だからさ...,匿名,anonymity; using an assumed name
貴重な情報が得られるチャンスだったんだけどな…,貴重,precious; valuable
"じゃ、そろそろ怪チャンの管理に戻るよ。
これからの展開、楽しみにしてて！",展開,expansion; spreading out; extending;
声、渋い…！,渋い,elegant; refined;
た、担当はカウンセリングです…,担当,"being in charge (of an area of responsibility); being responsible (for a work role, etc.)"
"ニュースにもなってるし、
放置はまずいって思ったんじゃない？",放置,leaving as is; leaving alone; leaving to chance;
"いきなり見ず知らずの僕と話せって言われても、
困るのは分かるよ。",,
"僕は保健室にいるから、
都合のいいときにでも来てよ。",,
"なるほど…うん、ありがとう。
あきら君の状況は、だいたい把握できたよ。",,
"いや、テストは潔く諦めた。
ゲームしたら、朝になってたわ。",潔い,brave; manly; righteous;
"さすがはアン殿。
どっかのバカ猿とは大違いだな。",,
"あ？　テメエの方が脳みそ小っせえくせに、
偉そうに言うなよ。","脳みそ
偉そう","brains; brain tissue
self"
"あーもう、朝からうるさい！
覚えた年号、忘れちゃ…",年号,name of an imperial era; Japanese era name
"君こそ、ずっと探してた女性だ！
ぜひ、俺の",是非,certainly; without fail
"俺は班目先生の門下生で、
住み込みさせてもらってるんだ。",門下生,pupil; disciple; follower
画家を目指してる。,画家,painter; artist
"えっ！？班目って…あの？
こないだ「情熱帝国」に出てた？","こないだ
情熱",
"超有名な日本画家。
「世界で評価される日本画家」なんだって。",評価,appreciation; recognition; praising
じゃあ明日、ぜひ会場で！,会場,assembly hall; meeting place;
班目の弟子と偶然知り合った？,弟子,pupil; disciple;
確かに班目は、許されざる罪人だった。,罪人,criminal; lawbreaker;
"けど、長年隠し通してきた秘密の悪事を
短期間で、どうやって突き止めたの？","長年
短期間
悪事","long time; many years
short term; short time
evil deed; wrongdoing; crime;"
"いいわ、班目の件の続きを話して。
事実だけを、簡潔によ。",簡潔,
これ何の行列か？,行列,line; queue;
"この人の展覧会
今日からだったんだ…",展覧会,exhibition
"私のアトリエは質素なあばら家ですが、
美の探求には充分なのです。","質素
あばら家
探求",
"それにしても、巨匠班目先生から、
「あばら家」なんて言葉が出るなんて。",,
日本画って、こんな色々種類があるのね。,種類,variety; kind; type;
"「日本画の大家が弟子の作品を盗作している。
テレビは表の顔しか報じていない」…だとよ。","大家
盗作
報じる","master; expert; authority;
plagiarism; plagiarised work
to inform; to report"
盗作に加えて、虐待ってことか。,"加える
虐待","to add; to increase;
abuse; ill"
だって、まさに弟子でしょ？,まさに,
あと班目先生のアトリエの住所も。,,
"ちょ、会話に入って来んな。
ペット運賃、払ってねえんだよ。",運賃,(passenger) fare
連打だ,連打,repeated blows; striking repeatedly;
"間もなく～渋谷～渋谷～。
お出口は左側に変わります。",,
"あばら家って言っても、こんな都心に住むなんて…
さすが有名芸術家だよね。","都心
芸術家","city centre (center) (esp. capital city); urban centre;
artist"
自首の動機は…,動機,motive; incentive
"それに今は、住み込みの門下は俺ひとり。
俺が無いと言うんだから、疑う余地がはない。",余地,place; room; margin; scope
"俺が画家を志す、
きっかけをくれた絵なんだ","志す
きっかけ",
俺は、こんな「美」を追求したい。,追求,"pursuit (of a goal, ideal, etc.); search; chase;"
"この表示…班目先生にも
パレスが…ってことだよね！？",表示,indication; displaying
"入るには、最低限「本人の名前」と、
「場所」が分かればいいんだったな？",最低限,"minimum, at the very least"
まさか…あの行列に並ぶのか？,並ぶ,to line up; to stand in a line
"…チャンスだ
警備が正面に集中するらしい。",,
歪んだ絵画,絵画,painting; picture
"マジか、この人数ぜんぶか？
前に屋敷に行った時は…",屋敷,residence; estate; grounds;
何かの冊子が置かれている…,冊子,book; booklet;
"パレスのくせに芸が細けえよな…
こんなもん、無視でいいだろ？",芸,craft; technique;
「無限の泉」…?,泉,spring; fountain
みんなの意見は？,意見,opinion; view; comment
"モデルの話受ければ、
真相、聞けるかもしれないし。",,
"「怪盗団」としての初陣だ。
ゼッテー成功させんぞ！",初陣,one's first campaign; one's first battle
ユースケが真実を語らない理由か…,語る,to talk about; to speak of; to tell;
"俺らがやろうとしてることって、
喜多川にとって、お節介なのかな...?",お節介,
"パレスで見たこと、
ホントかどうか喜多川くんに確認しないと",かどうか,
班目の尻尾、掴んでやろうぜ。,尻尾,tail (animal)
"モデル引き受けたら、
喜多川くん、かなり喜んでくれてた。",かなり,
"監視だよ。
お前が変態なことしねえように。",監視,monitoring; watching; observation;
"妙な勘繰りはやめてくれ。
彼女に異性としての興味は一切ない。","勘ぐり
異性","suspicion; distrust
the opposite sex"
勘違いしないでくれよ？,勘違い,misunderstanding; mistaken idea; wrong guess
"被害者など、どこにもいない！
身勝手な正義を押し付けるな！",押し付ける,"to force against, impose"
"二度と来るな…
次は迷惑行為で訴えてやる。",,
理想のモデルで裸婦画を描けるなんて...!,"理想
裸婦画",
"なんか、優しそうな感じだね。
ストーカーしてた印象ないよ。",印象,impression
"逃げ出した私が言うのもなんだが、
自殺した兄弟子の悲劇は繰り返したくない...!",悲劇,tragedy; tragic drama;
それに喜多川くんの本音も聞けたしね！,本音,true opinion; what one really thinks; real intention; motive;
それに…アン殿の貞操がかかってる！！,貞操,chastity; virtue;
"その上で「心を頂く」予告。
お宝を「実体化」させて、いただく。","頂く
予告","to take; to receive; to get; to accept;
advance notice; previous note;"
だいぶ学習してるな、いいぞリュージ。,学習,study; learning;
けどモノを見れば、わがはいの直感で確実に分かる。,"直感
確実","intuition; instinct; hunch
certain; sure; definite; reliable;"
"今回の期限って、
個展が終わるまでなんだよね？",個展,solo exhibition; one
しまった、防犯装置だ！,防犯,"security (device, camera, etc.)"
"これ…例の赤外線だよね？
こんなの超えらんないじゃん…",赤外線,infrared rays; infrared radiation
"だが、これだけ厳重ってことは、
守りたいモノがこの先にあるって証拠だ。",厳重,strict; strong; secure
"待て…あの奧の扉…
あの柄…どっかで見たような…",柄,pattern; design
"…そうか！　あそこだ！
あそこのフスマと同じだ、間違いない！",襖,fusuma; Japanese sliding screen
あれが現実の何処の扉の認知か、見当がついた。,見当,estimate; guess; conjecture; aim
指定したペルソナを持ってきたようですね。,指定,designation; specification; assignment;
それを面白がるとは、実は心外です。,心外,unthinkable; wholly unexpected; regrettable; upsetting
まあ、断るの権利はない。,権利,right; privilege
実は、前に来たときに偵察してある。,偵察,scouting;
"つーか、屋敷に入んのも、どうやるかなー。
無理に入ったら今度は通報だし…",通報,report; notification;
大丈夫、わがはいも同行する。,同行,
あ、先生がここに睨んでるよ！,睨む,to glare at; to stare intensely at;
"パレスの中で待機して
扉が開いたら制御室みたいなのを探してくれ。",,
"そお？　体重　変わってないんだけど。
むくんでんのかな？",体重,(body) weight
"じゃあ、とりあえず…
ここで…用意、いいか？",,
"開く気配、全然ねーぞ…
もうすぐ班目が帰ってくんだよな？",,
"ぶっちゃけこの作戦、
うまくいったら奇跡じゃね？","ぶっちゃけ
奇跡",
お願い…二人っきりになりたいの。,,
実は、借金を抱えている。,抱える,"to have (problems, debts, etc.); to be burdened with (e.g. care of a family member);"
でたらめを言うな！,でたらめ,
腐った悪党を改心させる集団…てことか。,"腐る
集団","to rot; to go bad; to decay; to spoil;
group; mass"
事実は小説より奇なり…か。,小説,novel; story; (work of) fiction
「心を盗む怪盗」…実在したとはな。,実在,actual existence; real existence;
あ、成績もう出てんじゃん。,成績,results; grades;
"良かったー！
平均、超えてる！",平均,average; mean
強い欲望…「歪んだ主観」の持ち主が持ってる,"主観
持ち主","ego; subject (philosophical);
owner; proprietor;"
"そーなんだよ、そこ若干クイズでよ。
今後チョイ厄介かも",若干,somewhat; to a certain extent
"だが、ルート確保する為には、
セキュリティの解除は必要なステップだ。",解除,termination; cancellation; removal; release
"パスワード承認…
…セキュリティシステム…停止…","承認
停止","recognition; acknowledgement; approval;
stoppage; coming to a stop; halt;"
"確かに妙だが…行くしかない。
慎重にな、ジョーカー。",慎重,careful; cautious;
"おおー！
スカルお手柄だ。やるじゃねえか！",手柄,achievement; feat; meritorious deed;
見た目通り、繋がりもが歪んでいるわけだな…,,
"思えば、贋作だらけこの黄金の空間は、
班目の頭にある錬金術そのものの具現化…","贋作
黄金
錬金術","fake (work); counterfeit
gold (Au); golden; prosperous;
alchemy"
"所詮は幻だろうが、絵としては間違い。
さすがだな。",所詮,after all; in the end; anyway
"気を付けろよ？
歪みがますます強くなってきてる…",ますます,
"予告を出して、班目に「奪われる」と認識させりゃ
おたからが実体化して、ヤッホーこんにちはよ。",認識,recognition; awareness; perception;
"ぬー？
電源を触ったのは貴様たちか！",触る,to touch; to feel;  to hinder; to interfere with;
"バトンタッチを受けた時の行動で
状態異常付着率が増加する","付着
率
増加","sticking to; clinging to; adhesion;
rate; ratio;
increase; rise; growth;"
"アイツ、見るからに強敵だぞ。
準備はいいか？",強敵,formidable enemy; strong enemy
"いや、恐らく展示ホールの
仕掛けを操作する部屋だろう。",展示,exhibition; display
これはフォックスの推理、当たりっぽいね！,推理,reasoning; deduction
"警備の隙間…という事か。
しかしどうする？　飛び降りるか？",隙間,crevice; crack; gap;
"手分けするんだよ。制御室で電気を消す係と、
クレーンを操作する係と、降りるわがはい。",係,charge; duty; person in charge;
励むがいい、囚人！,励む,to work hard; to try hard; to strive; to endeavour; to endeavor; to devote oneself to;
"全ては貴方のため。
態度を改めるべきです。",,
それでは、次の課題を言い渡します…,"課題
言い渡す","homework; assignment
to announce; to tell;"
無礼な男ですね…,無礼,rudeness; impoliteness;
うし、多少不安はあるが…やるしかねえ。,多少,a little; some; somewhat;
ご返却ですね？,返却,return of something;
"で、他に容疑は？
こっちも忙しいんだけど。",容疑,suspicion; charge
"こりゃ、一気に注文が来るぞ。
忘れないように、しっかり記憶しろよ？",一気に,in one go; without stopping; without pausing
"私はこの国の現状を変えたい…
それには君みたいな若者の力が必要なんだ。",現状,present condition; status quo;
ああ、共感してもらえたかな？,共感,sympathy; empathy; response;
"これでも演説には、
多少、心得があるつもりだ。",心得,knowledge; understanding
"僕が今、考えているのは、
精神…心が感じる「痛み」について。",,
"具体的に言うと、ひどい言葉を投げられたり
大切な存在との別れだったりで感じる苦しさ…","投げる
別れ","to throw; to hurl; to fling; to toss;
parting; separation; farewell"
"身体の痛みであれば、怪我や病気の症状として
必要なものだと考える事はできる。",症状,symptoms; condition (of a patient)
"けどさ…例えば
失恋の痛みなんてどうかな。",失恋,disappointed love; broken heart; unrequited love;
"心の傷は実際には目に見えなくて、
ある意味では身体の傷よりも複雑だ。",,
"そんな、心が負ってしまう「痛み」に
苦しんでいる人を助ける為に僕の研究がある…",負う,to suffer (an injury); to sustain (a wound); to carry on one's back; to bear;
最大SPが５上がった。,最大,maximum; largest;
"戦闘開始時に、主人公にチャージ＆
コンセントレイトの効果を得ることがある",主人公,protagonist; main character; hero;
仕事と研究の両立って結構ハードなんだよね。,両立,compatibility; coexistence; standing together
誰がお前なんかを当選させるか！,当選,being elected
"その未熟さから…
派手な連続スキャンダルを起こしてしまった。","未熟
連続","inexperience; unripeness; raw; unskilled;
serial; consecutive; continuity;"
...技術に興味がある,技術,technique; skill
"あ、じゃあさ、坂本君は普段何してるの？
放課後とか、休日とか","普段
休日","usual; habitual; ordinary;
holiday; day off"
"フォックスの合図…！
準備OKって事ね…",合図,sign; signal
ここは…中庭か！？,中庭,courtyard;
人の欲望の塊に、あんな夢中になっちまうし...,"塊
夢中","embodiment (of an idea, quality, feeling etc.); lump; mass;
(in a) trance;engrossment"
"他にも、異世界での変身だって、わがはいだけ、
自由に猫に戻りたり、車にもなれたり…",変身,transformation; shapeshifting;
"調べてみたが、該当するような
事件は見つからない…",該当,corresponding to; being applicable to; relevant to;
"おい、猫の誘拐事件に関わることかもしれないぞ。
詳しく話を聞いてみようぜ。",関わる,to have to do with; to be affected;
"ターゲットを特定しました。
アジトで全会一致をしましょう。",特定,specific; particular; to identify; to pinpoint
"こないだ言ったでしょ？
心を強くしたいって。",,
"ねえ…
これでペルソナが強くなっても微妙じゃない？",微妙,doubtful; questionable; delicate; subtle;
モデルの事務所から、業務連絡。,業務,business; duties; work;
"両親、服のデザイナーで、
ファッションショーとか担当してるの。",,
「家事代行サービス」！,"家事
代行","housework; domestic chores
acting as agent; acting on (someone's) behalf; executing business for"
「可愛いメイドがあなたの為に何でも致します」…って！！,致す,to do(humble)
"家事代行業をうたう怪しいサービス…
その実態を俺たちの目で見極めるんだよ！","謳う
見極める","to declare; to stipulate; to express; to state;
to ascertain; to make sure of; to get to the bottom (of something)"
"でしょ！？
もし詐欺なら、成敗しないと！",詐欺,fraud; scam
猫の爪って結構鋭いんだね…,爪,"nail (e.g. fingernail, toenail); claw; talon; hoof"
"さて、今日は、そんな「痛み」について、
もっと違う角度で考えてみようと思うんだ。",角度,angle
"目に見えない心を「痛み」を治療するって、
やっぱり難しくて…",治療,therapy; (medical) treatment;
ま、まるで燃えるような苦しさだ！,燃える,to burn; to get fired up
"その問題を解決するためにも、僕は
人の心をもっと研究したい。",解決,settlement; solution;
"し、知らねえよ！
家事頼むのになん年齢とか…",年齢,age; years
"ご主人様がお望みなら他にも色んな「ご奉仕」
させてもらっちゃうにゃん！",奉仕,service; ministry; attendance;
"鴨志田先生の事件のあと、
他の教師の裏の顔、探ってたからな。",探る,to investigate; to probe into; to spy on;
"たっくさん人がいて、たっくさんお店があって、
すぐ近くに公園があって、鴨とかいて…",鴨,duck
"それで、仲良くなって…
その時から、志帆は一番大切な人。",仲良く,on good terms (with); on friendly terms (with); (getting along) well;
"ほら、ヒーローものの番組とかでも、
世界征服をたくらむ悪役っているでしょ？","征服
悪役","villain; baddie;
conquest; subjugation"
それって、「折れない心」があるってことだよね。,折る,
アクション女優になる！,女優,actress; female actor
"将来のことあんまり考えてこなかったけど、
目標、1個できちゃった！",目標,goal; target; aim; objective
目標できたよって、志帆に報告しなきゃ！,,
"明日はみんなで原宿かー。
寝坊しないようにもう寝ようぜ！",寝坊,sleeping in late; oversleeping
"原宿は今や世界のポップカルチャーの先端。
世界中から人が集まる街だろ？","今や
先端","now (esp. in contrast to the past); now at last;
pointed end; tip; point; forefront;"
"ジョーカーは、個性的なファッションの人って
どう思う？",個性,individuality; personality; character; individual characteristic
"わがはい、猫っぽいけど、
中身はよりもジェントルマンだからな！",中身,contents; interior; filling
"前から思ってたけど、
あきらの猫…よく鳴くよな。",鳴く,to make sound (of an animal); to call; to cry;
"列車暴走事故に、謎の意識不明現象、
教師が乱れる学校…","現象
乱れる","phenomenon
to be disordered; to be disarrayed;"
"大人世代が作った社会問題を
子供世代に押し付けること…",社会,society; public; community;
"たとえ聴衆が多くても少なくても、
つねに一対一の気持ちで伝えなければいけないよ。","聴衆
一対一
常に","audience; attendance; hearers
one
always; constantly"
信念のある政治家,"信念
政治家","conviction; belief; faith;
politician; statesman"
今日は清掃活動だな。,清掃,cleaning; clean
見て見ぬふりはできない,,
"班ごとに決められた区画の
ゴミを拾っていってください。","班
区画","group; party; team
division; section; compartment;"
"みんなの公園をこんなに汚して…
これも悪い大人の仕業だな。",汚す,to pollute; to contaminate; to soil; to make dirty;
特殊な器具の扱いにも心得があるようね。,器具,utensil; implement; tool; instrument;
"うえ。おまえ、埃っぽいぞ。
さっさと着替えてくれ。",埃,dust
"やることはやったし、
後は結果を待つしかねえな。",,
貴方、花粉は大丈夫？,花粉,pollen
"良い薬があるの。
1体で治ると思うから。理論的には。",理論,theory
"私の名前、業界的なブラックリストに
ばっちり載ってるの。","業界
ばっちり
載る",
"前の職場…都内の大学病院に
勤めてた時の話。","職場
都内
勤める","one's post; place of work; workplace
within the (Tokyo) metropolitan area
to work (for); to be employed (at);"
"良かったら、色々教えてください。
毎日の日課とか…ストレッチの種類とか。",日課,daily routine; daily work;
"『こんな雑誌のモデル、どうでもいい』って
ことですか！？",雑誌,journal; magazine;
"と言いたいところだけど、今日はラッキーデイだ！
テーブルの上にご注目！",注目,notice; attention; observation
"うん、遠慮せずどうぞ。
おかわりもあるからね？",,
"主人公のSPが減少している時に、
自身のSPを回復することがある",減少,decrease; reduction; decline
"すみません、
子供を診てほしいのですが...",診る,to examine (medically)
"これまでの検査内容と薬、
本当にさっき言ってたのだけ？","検査
内容","inspection (e.g. customs, factory); examination; test;
contents; content; substance; matter; detail;"
"そう言えば、彼は助手の先生…ですか？
随分と若いけど…",助手,assistant; helper
"でも、告訴するにしても
個展終わってからでしょ？",告訴,accusation; complaint; charge; suit; legal action;
"あー聞いた事ある、怪盗団。悪い心を盗むんだって。
だから犯人、自分から謝罪しちゃうって話。",謝罪,apology
"変な事件も多い、
例の画家のニュース騒がしいしね。",騒がしい,noisy; boisterous; troubled
今まで以上に警戒した方がいいぜ。,,
"まあ、祐介も一人になって、
いつでも集まり易くなったけどな。",易い,
"鈴井志帆に続いて、
また面識の浅い他人の為にやったっていうの？","面識
浅い","acquaintance
shallow; superficial; short (time); early;"
喋る気はない,,
"この頃からよね。
怪盗団人気に火が点き始めたのは。",点く,"to be lit (of a lamp, burner, etc.); to catch fire; to start burning"
"ネットに嘘が溢れて『自分にも予告状が届いた』
だの、『怪盗に助けられた』だの…",溢れる,to overflow; to brim over; to flood
情報収集の手間が10倍になったわよ…,手間,time; labour; labor
次の標的はこの男…,標的,target
ここまでの「あらすじ」が更新されました。,更新,renewal; update; replacement;
"秀尽学園の鴨志田、そして今回の斑目…
共通点がいくつか見つかっています。",共通点,point in common; common feature
"そういえば、今回は無料券を使ったが
次に遊ぶ時からは有料なんだな。","券
有料","ticket; coupon; certificate
fee"
"全てを損得だけで決めるなら、心なんて必要ない。
機械にだって出来る…それで生きたと言えますか？",損得,loss and gain; advantage and disadvantage
"次の選挙で、早くも落選。
自分の力じゃなかったと思い知らされた。","選挙
落選","election
failing to be elected; election defeat; losing an election"
"政治の基礎は心得ているから、
吉田は、いい先生になると思うよ。","基礎
心得る","foundation; basis
to know; to understand; to be aware of;"
"ただ…君がもし、本当に選挙で勝って
議員になるつもりなら、参考程度にしとくんだな。","議員
参考","member of parliament;
reference; consultation"
"なんか番組収録見れるらしいよ！
女優とかいるんじゃない？",収録,"recording (in a book, the minutes, etc.); printing;"
そのままだと濡れる,濡れる,to get wet
"夏の始まりと終わりに、
大きな大会あるんです。",大会,tournament; competition; contest;
"けど、そういう特別扱いみたいなの
なんか嫌じゃないですか。",,
"ここからは新しいエリアって事だな。
なんとなく、構造が分かって来た…",構造,structure; construction;
"今日は校長が不在なの。
明日、確認するから待って。",不在,absence
"とはいえ情報もないし、
ミシマが尻尾をつかむのを待つしかないか。",,
私の医療ミスの事も教えたのに…,医療,medical care; medical treatment
"『クロフォード・エンデ病』。
私が新薬開発を指揮していた、難病の名前。","新薬
難病","new medicine; new drug
incurable disease"
"筋肉が攻撃されると日常生活に支障をきたす。
けれど、死に至るには時間がかかる…","筋肉
支障
至る",
"新薬の開発者になって大出世？
それともくだらない名誉欲？","出世
名誉","success in life; successful career; promotion
glory; fame; reputation"
"新薬の開発は凍結されたから、
もうあの病院にいる必要もなくなったし。",凍結,freezing; suspension (e.g. investment)
"そしたら、募金っていうか…
予想以上の額、集まっちゃって。","募金
額","fund
amount (esp. of money); sum"
"前にニュースで見たんだけど、
目的を偽った募金活動は詐欺になるとか…",偽る,to lie; to deceive; to trick
"うん、我ながら大衆心理を掴んだ戦略…
やっぱ、俺、こういう事の才能あるのかも。",戦略,strategy; tactics
"校長もセクハラのこと知ってたのに、
放置してたんだって。",,
"広く情報を募れば、
調査が捗るだろうと思ってね。","募る
捗る","to become stronger; to grow in intensity;  to solicit help, participation
to make (good) progress; to advance"
"秀尽学園内に、犯罪組織に脅されている
生徒がいるようなんです。",,
"掲示を見た生徒から相談があり…
対策をお願いできませんか？",対策,measure; step; countermeasure; counterplan;
"その犯罪組織とやらの話を追えば、
怪盗の手掛かりも得られるに違いない！",手掛かり,clue; lead; trail;
"どっかその辺に
大物転がってねえかな…
",転がる,to be scattered about; to be lying around
"もしかして次のターゲットに
芸能人なんていいんじゃないか？",芸能人,performer; entertainer; celebrity
"筋がいいですね、先輩。
柔軟性が高いし、上達も早いです！","筋
柔軟","muscle; tendon;
flexible; lithe; soft"
"ちょっと、いま調子悪くて。
複雑な動きを実演できるか不安です。",実演,demonstration; presentation
"実は私…
最近、スランプ気味…なんです。",,
"でも…高校に入ってからスランプになっちゃって。
身長が伸びたり、その…環境の変化とか。","身長
環境","height (of body); stature
environment; circumstance"
かすみは慌てて走り去っていた…,慌てる,to hurry; to rush; to become confused
"宇宙は体験出来なかったが、
味は悪くなかったぞ。","宇宙
体験","universe; cosmos; space
(practical) experience; personal experience; hands"
"退屈なのは分かるけど、
頼むから問題だけは起こさないでよ。",退屈,tedious; boring; dull; to feel bored;
"あー…『ドームタウン』か？　丸いアレは野球場だな。
あと周りは遊園地。",遊園地,amusement park
"気分ワル…
マジ、酔った…",酔う,to feel sick (e.g. in a vehicle); to get drunk;
"なんでも、探偵として、
いま気になっている事件があるとか。",探偵,detective; investigator;
"もし仮に、怪盗がいるとして…
彼らのこと、どう思いますか？",仮に,supposing; even if; granting that;
"そういう仮定の話です。
でも、決して無視はできない。",仮定,assumption; supposition; hypothesis
"怪チャンの運営と管理だけじゃなくて、
もっともっと怪盗団が有名になれるようにさ！",運営,management; administration;
"調理器具の棚がある。
鍋はあるだろうか…","調理
鍋","cooking; food preparation
pan; pot; stew; hot pot"
"あなたも将来の為に、
今やるべきことだけに目を向けなさい。",向ける,to aim; to direct to; to pursue
互いを知るにはいい機会だ。,,
"学校は『みんな平等』と教えるが、
現実は、そんな綺麗事ばかりじゃない…",平等,equality; impartiality; evenness
「ガキが、いきなり俺に乱暴をしてきた」ってな。,乱暴,violence; assault;
"それに僕は自分に備わった才能を使って　
世のために奉仕しているにすぎない。",備わる,to be furnished with; to be provided with; to be equipped with
なんで、私ばかり責められるの…,責める,
"過ぎれば、全ての証拠を
警察と学校に提出する。",提出,presentation (of documents); submission
"…店に馴染んでるな。
ここに預けて良かった。",馴染む,to suit; to match; to blend in (with);
"あの『サユリ』のような、純粋な美に近づきたい。
それだけだった…",,
"これは生徒会の監督責任だよ！
解決を頼んだはずだが？",監督,supervision; control;