sentence,translation
ゲームシステム設定,Game system options
同意する,I agree
侵入者確認できず,I can't confirm the intruder's whereabouts
クスリが効きすぎたか。起こせ,Was the medicine too strong? Wake up!
冷酷な刑事,Cruel detective
素直になれ…それとも、お注射もう１本いくか？,Be obedient...or else...how about one more injection?
いいから通して。緊急です。被疑者に　どうしても確かめたい事が。,Listen, let me through, it's an emergency. I have to confirm something from a suspect.
たった今　お宅の部長さんから電話があった,I just received a phone call from chief.
自分で確かめるまで、納得できません。,I won't be satisfied until I make sure of it myself
時間を切らせてもらうよ。長話は、許可できない。,I'll set a time limit. I won't allow you to have a long talk.
だから正直を答えて。これに私も時間がないの。,So answer honestly. I don't have much time as well.
他人の「心」なんて、一体どうやったら盗めるの？,How is it possible to steal another person's heart?
貴方は囚われ…,You're a captive
全ては、半年前… ゲームが始まったあの日…,Everything...half a year ago... That game started on that day
ここまでの物語を保存しますか？,Do you want to save progress up until now?
今日から世話になるサクラーソウジロウの家…,Starting from today I'm gonna be looked after by Sakura Soujiro, at his house...
ん？その住所のお宅…？,Hm? The house at this address...?
留守みたいだな…,It seems that nobody is home...
でもルブランは裏路地だし　他の配送が先かな,But Leblanc is in the back alley, I have another delivery before that.
これじゃ、市民は安心して暮らせませんよ。,And now citizens can't even live safely.
変な暴走事故、続いてるじゃない。 この辺でも起きなきゃいいなってね。,Bizzarre accidents keep happening. Even in this place it's bound to happen...
サクラーソウジロウだ 一年間、お前を預かる事になってる。,I'm Sakura Soujiro. For the next year I'm gonna be looking after you
寝床のシーツくらいはくれてやるよ。,I'll give you sheets for the bed.
後は、自分で片付けろ。,Tidy things up here by yourself after.
店閉めたら、俺は引き上げる。,I leave when the shop closes.
一応、事情は聞いてるよ。,Well, I told you how things are more or less.
余計なこと言うなよ。 これでも客商売だからな。,Don't day unnecessary things. This is a service business after all.
おまえな…「保護観察」期間だよ。,What do you....probation period!
先生がたに挨拶参りだ,We'll go to greet the teachers
お前らのような無能な連中は、 黙って俺の「舵取り」に従え。,Incompetent fools like you should just shut up and obey my leadership.
気づいたようだな、囚人。,So you noticed, huh? Inmate.
改めて伝えておくが、 問題を起こせば、即、退学処分だ。,I'll tell you again, if he causes any trouble, he'll be expelled instantly.
これから、君が問題を起こしても、 私は一切かばえません。,And again, you you cause problems, I won't protect you whatsoever
全ては彼の責任だ。,Everything is his own responsibility.
そういや先月に、 大きな交通事故な。,That's right, last month a big traffic incident occured.
電話の音は、自分の携帯からではないようだ。,The sound of the phone, it isn't from my own cellphone.
あー…店閉めたんだが、 店の表札を裏返すの忘れてな。,Um, I close the door but forgot to turn the doorplate the other way
俺は携帯に 男の番号は登録しない主義。,When it comes to cellphones it's my principle to not register phone numbers of guys.
それじゃ表札の件、頼んだぞ。,Well, I'll leave the doorplate matter to you.
明日は早い… 今日は出歩くのはおこう…,Have to wake up early tomorrow... Better stop roaming around for today.
テーブルは上はキレイに磨かれている。,The top of the table has been thoroughly polished
渋谷まで出て、乗り換えるようだ,It seems that I have to go to Jaya, then change trains
例の地下鉄事故のニュースだ…,These subway incident they mentioned on the news...
負傷者が多数出ているらしい。,There has probably been a large number of casualties.
また、いつの間にか復活している…,Again, before I even noticed it reappeared...
初日から遅刻まずい。 そろそろ出発しよう。,If I run late from the first day, it's gonna be bad. Better go already.
まあ、メシくらいくれてやる。 客が来る前に済ませるよ。,Well, here's your meal. Finish it before customers get here.
さっさと行け。 迷うと遅刻するぞ。,Go already. If you get lost, you'll be late.
あ、外の札「OPEN」に変えといてくれ。,And change the sign outside to OPEN.
路地を戻って、突き当たりを左だよ。 大きな通りが見える方,Go back the alleway, once the street ends go to the left. You'll see the big street.
しかし物騒だよねえ… 世の中、どうなってんだか。,It's dangerous, isn't it.... What has happened with the world?
あんな事故の後だから、一応ね。 不安な市民も多いようだし。,Because it's after those incident, for the time being a lot of citizens are gonna be nervous.
物凄い圧迫感だ…,I feel very oppressed...(because there're a ton of people around him)
銀座線ですか？ それでしたら、こちらの改札になります。,Ginza line, huh? If that's the case, go through that ticket barrier over there.
急にだよ、雨。 春先は、これだから…,But it's so sudden, the rain. It's the beginning of spring...
そういや…傘持ってたよ…？,Come to think of it...did he bring an umbrella...?
同僚が巻き込まれて、入院しちまってね…,My coworker got dragged into that and was hospitalized...
事故や事件起こした人、 なんか突然おかしくなったらしいじゃない？,All of this incidents and people getting into accidents all of the sudden, doesn't it all seem somewhat weird to you?
時間がかかった、ようやく辿り着いた…,It took some time but I finally made it...
好き放題しやがって…お城の王様かよ。 そう思わねえか？,Doing as he pleases...like a king in a castle. Don't you think so too?
あ…？　他にねえだろう、この制服。,I can't be someone else in this uniform. (impl. he was asked if he's from Shujin academy as well)
巷で「精神暴走事件」なんて呼ばれてる騒ぎ、 知ってるね。,The public was in an uproar and called it [The mental rampage incident]
あの日…君はまだ「単なる学生」だったの？,That day...you were still a simple student, weren't you?
喜べ、貴様の処刑が決まった。,Rejoice. Your execution has been settled.
また逆らうつもりか？ 貴様、ちっとも反省してないな？　え？,Again you disobey me, huh? You vermin aren't being sorry in the slightest?
ほう、貴様、逃げるのか？ 随分、薄情な仲間だな？,Oh, you're going to run? What a terribly heartless comrade we have here.
俺様は、コイツの処刑に集中するとしよう…,I will concentrate on executing this one...
我は、お前に宿る、反逆者の魂。,I dwell in you, in your rebellious soul!
出口が知りたいのか？ 出してくれれば案内するぞ。,Do you want to know where the exit is? If you let me out, I'll guide you to it.
ついてこい、静かにだぞ！,Follow me. And be quiet!
いや、そんなの余計面倒なことになるし,No. That'll just bring them unneccessary trouble.
決まってるだろ、橋を降ろすんだよ。,It's obvious. I'm going to lower the bridge.
基本中の基本だ。 覚えとけ！,It's basic of the basics. Remember it!
テメエ、騙しやがったのか！？,You! Did you deceive us!?
校長から聞いていると思うが、 問題を起こしたら、退学だからな？,I think you heard it from a head teacher, that If you cause problems, you'll be expelled, right?
初日から半日遅刻ね…,Half a day late from the first day, huh?
屋上って、立ち入り禁止…,But the roof is off limits...
次の新聞ネタ、どうしよ… どっかにいいネタないかな…,What do you I do with the next newspaper material... I don't have anything good, do I?
聞いたぜ、「前歴」あんだって？ 噂んなってるよ。,You heard, right? That I have personal history and all that? The rumors are spreading.
お前は知らないだろうが、 やろうには…噂があんだよ。,You don't know, don't you? About the rumors of the bastard.
初日から、半日サボったって？,Skipped half a day from the first day?
何かあったら、人生終わっちまうんだ。 保護観察って意味、分かってるか？,Should anything happen and your life will be over. You understand the meaning of probation, right?
…違うって、男だよ。 バイトを雇っただけだって。,No, no. It's a boy. Just a part timer I hired.
鍵かけて、それと、電気消しとけ。 忘れんなよ。,Lock up and turn off the light. Don't forget!
真面目な学生生活を送れ,Live your daily life like an honest student
まずは再会を喜ぶとしよう。,First of all let me congratulate you on our reunion.
これでようやく更生を始められる。,Now you can finally start your rehabilitation
お前には…期待しているのだよ。,I have high expectations of you
あれを使えば、 現実とパレスとを行き来できる。,If you use that, you'll be able to come and go between reality and palaces.
立派な「賊」になれるよう。 せいぜい精進なさい。,In order to become a great thief, fully devote yourself to it!
すべては、お前がより優れた… 「賊」に育つ。,Everything is done in order for you to excel and grow up as a thief.
ふん、時間だ。 戻ってせいぜい休憩時間を楽しむがいい…,It's time. You better go back and enjoy your break time to the fullest.
また奇妙な夢を見た…,Again I saw some strange dream...
無事に学校に着いたようだ… あの城は、なんだったのだろう…？,It seems that I made it to school safely. What was that castle?
正解だ。,That's correct
よく分かるな… ホントに不良？,Wow, he knows that... Is he really delinquent?
質問に答えられたことで すこし賢くなった気がする…,I answered the question and feel like I became a little bit smarter
帰り、乗って行くか？ 近ごろ、事件だなんだで物騒だしな。,Need a ride if you're coming home? It's dangerous nowadays with accidents and all that.
いえ、今日はバイトで撮影が… 夏の特集号で、外せなくて…,No, I have a part-time job today. I'm leaving for a photoshoot for the special summer number(journal)
親友は練習ばかりで、寂しいだろう？ 悪いと思って誘ったんだが。,Your best friend is always at practice, aren't you lonely? I thought that and invited you because of that.
…ああそうそう、例の転校生、 気を付けた方がいいぞ。,Ah, and also you better watch out for that transfer student everybody talks about.
ナビがどうか知らねえけど、 携帯からそれっぽい声、出てだろ,One way or the other, I don't know what that navigator voice was, but it came from your phone
アプリ立ち上げるだけだろう？,I'm just starting the application
せっかく逃げ延びたのに また正面から来るとはな。,I helped you escape with great trouble, but here you are coming through the front door again.
あいつが歪んだ心の目で見ている学校だ。,That's the way him and his distorted heart views this school
捕まってる奴隷だろう。,That was (the voice of) caught slave
こっから先は、戦いが避けられそうもない。,It looks like we can't avoid the fight ahead.
ここだけ歪みが少ない。 主の支配が弱い場所ってことだ。,In here the distortion is small. The control master has of this place is weak.
歪んだ欲望が具現化した世界、と言ってもいい。,You can say that's a world materialized from his distorted desires
防ぐには、強い「反逆の意志」を持つしかない。,The only way to protect against that is to have the rebellious will.
でも見た目、超リアルだし、 脅すくらいには使えねんだろう。,But the look of it is totally like the real thing. We can use it for something like threatening
修練城って言ってたな？,They said place for practice , didn't they?
じゃ、じゃあ、警戒度が上がっちまったら、 逃げるしかねえのか？,So, sooo... Once degree of alertness rises, we'll have no choice but to run?
こいつらはな、 鴨志田が「認知してるだけの人間」だ。,These guys only exist in Kamoshida's cognition
しっかし、ひでえな。 現実でも「奴隷」扱いってことだろ？,But it's horrible.. So he treats them as slaves even in reality?
鴨志田には体罰の噂があんだよ。 あくまで噂だけど…,There're rumors that Kamoshida uses corporal punishment. But those were no more than rumors...
急げ！ 早く脱出するぞ！,Hurry! Let's escape this place quickly!
リュージ、冷静になれ！ あの子は、どうやら本物じゃない。,Ryuji, calm down! She's not the real one.
気味が悪い。,I have a bad feeling
要は使い方次第か,In short learning how to use(this app) ASAP
それよりもまずは 体罰の証拠だ,More importantly is finding the evidence of corporal punishment
身体が疲れている。 あの異世界のせいだろうか…,My body is tired. That's probably because of that other world...
どうだ？ この場所には慣れてきたね？,So? Have you come to getting used to this place? (Got used to this place?)
お前の更生は、ひいては滅びの運命を退けるため。 そのような事、独りの力ではならぬ,Your rehabilitation is done in order to reject this destructive fate as well. For that, one's own strength is not enough.
だが今日、お前は、 同じ力に目覚めた隣人と、協力の約束をしたな？,But today you witnessed the same power waking up in your neighbor and you made a deal to cooperate with him?
貴方を取り囲む絆が強くなれば、 それだけペルソナも力を得るでしょう。,When bonds that surround you become strong, the Persona too will gain power
フフ…契約成立だな。,Haha...That concludes our contract (establishes it)
イゴールからの期待を感じる…,I can sense Igor's expectations
教師チームと対戦って…意味わかんねえーよ。 鴨志田先生に敵うわけないじゃん。,Playing a match against a team of teachers...I don't understand why. There's no point in competing against Kamoshida-sensei in a match, right?
バレー部員とか、生傷だらけなんだろ？ どんな練習してんだよ…こえーよ。,Volleyball club members are all covered in fresh bruises. What kind of training they go through? It's scary.
絶対、体罰の証人みつけてやる。 待ってろよ、あのクソ教師。,We'll find the witness of corporal punishment no matter what. Just you wait, you shitty teacher.
手分けしよう,Let's split into groups
杏のクラス転校生、 ひどい言われようだね…,The transfer student from your class,An, I was told that he's horrible.
断られた,They turned me down
放課後,After school
…たまたま、知り合ったんだよ。,We got to know each other by accident
一応、忠告…それだけ。,I warn you...just in case. That's it.
口止めされてんのか？,Were you told to keep quiet?
今日は、ちょっと具合が悪くて…,My condition is bad today (I feel bad)
…私の親友もね、見た目だけで いろいろ誤解される子でね…,My best friend is often getting misunderstood. And that's all because of her looks
パレスを消すってのは、 要は「改心」させるってことだ。,Basically, palace disappearing means that he'll be reformed (as a human) as well
それに耐えられなくなって、 鴨志田は自分から「罪」を告白しちまうはずだ！,He won't be able to bear this and Kamoshida will confess due to his crime(sin)!
ついてこないで… 放っといてってば！,Don't follow me...Leave me alone!
鴨志田を説得する方法、考えてみるから。,I'll think of the way to persuade Kamoshida.
不良に絡まれた。,Got involved into bad stuff
下手したら鴨志田は 死んだも同然になるんだろ？,(Do you understand that)If it goes bad, Kamoshida will be as good as dead?
改心すれば体罰はなくなるだろう。 しかしその代償は大きすぎる…,If we reform him, corporal punishment(in school) will probably cease to exist. But the cost is too much...
授業に集中しろ,Concentrate on the lesson.
俺や鈴井だけじゃない、他の部員も。。。 先生、機嫌が悪い「ご指名」で…殴るんだ,It wasn't only me or Suzui, other club members as well... Sensei was in the bad mood. He called ...and then started hitting us
意識不明で回復絶望的… そんなやつが何を訴えるって！？,She is senseless and hopeless for recovery... How would a girl in that condition take someone to court !?
また、それかよ なら、もう一度「正当防衛」が必要だな？,Again with that. In that case the legitimate self defence is necessary again, huh?
挑発に乗るな,Don't fall for his provocation
三島、一緒に脅迫して来たお前も同罪だからな。,Mishima. We blackmailed her together, you're just as guilty.
お前の将来、俺に奪われて終わりってわけ。 …分かったらとっとと出てけ。,Your future has been stolen(by me) and is now over. ...If you understood that, go our already.
ぶっ飛ばすんじゃなくて、 歪んだ欲望を奪うんだよ。,It isn't about beating him. It's about robbing him of his distorted lust.
そういやさ、パレスを消滅って、 やっぱ大変なのか…？,Oh, and isn't palace disappering kinda bad?
ジョーカー？あだ名か？,Joker? Is that a nickname?
ばか！見ろ、あの兵士の数。 自殺行為だ。前ので懲りただろ。,You fool! Look, the number of soldiers there. It's suicide. Didn't we learn this lesson already?
俺様に意見してるぞ？ どう思う？,She is scolding me, what do you think?
どうやって遊ぼうかな？ バラバラに解体しちゃおっか？,How will we play with you? Maybe dissect you to pieces?
あ、噓。 やっぱまだ混乱してる。,Ah, no, I lied. I'm totally confused.
私、猫と喋れてるんだね。 すごく、不思議な感じ…,I can talk with a cat. It's pretty strange feeling...
足手まといみたいに言わないで。 見たでしょ？　私だって戦える。,Don't tell me that I'm gonna be a burden or something. You saw, right? That I can fight.
周りの目を欺く演技、 それに長ける者がいてもおかしくはないわ…,An act deceiving eyes that surround you. If a person excelling in that was with you, it wouldn't have been strange at all...
友達思いで、おまけに美人…なんて子なんだ。 わがはい、すっかり心を奪われちまったぜ…,She's thinking about her friend and she's a beauty besides that. What a girl. My heart was stolen completely...
パレスの中じゃ連絡とれないからな。 わがはい、こっちに残ってやるよ。,Because I can't contact you (while I'm)inside the palace, I'm going to stay on this side.
じゃあ、わがはいの滞在場所を確認しに行くぞ。,Well, let's go see a place of my stay(go to confirm the place of my stay)
近所に診療所あっただろ？ そこの医者なんだがな…,Do you know of the clinic in the neighborhood? She's a doctor there...
適当な診察して 聞いたことねえ薬を出すって噂だ。,She does a proper medical examination. But I also heard rumors that she gives out forbidden meds
なんで拾って来たんだ…！？,Why did you (pick up and) bring it(cat) here?
うちは飲食店だぞ。 動物はねーだろ…,This place is a restaraunt. Animals are a no go...
けど、世話する生きもんが居りゃ、 大人しくしてるかも知れない、か…,But, if you'll have a living creature to take care of, you can probably learn to keep quiet, huh...
お前、皿洗っとけよ。,Wash the plate after.
まあ、鴨志田の牢獄に比べれば天国か。,If you compare this to Kamoshida's prison cell, this is heaven.
お世話するのと引き換えに、 わがはいの潜入道具だ。,Taking care of me in exchange for my infiltration tools.
モルガナは、なんだか嬉しそうだ…,Morgana looks a little happy...
あらゆる場所への巧妙な潜入と脱出…,The skillfull infiltration and escape(you did) in each and every place...
得体の知れない重圧を感じる。,I feel unfamiliar heavy pressure.
お医者さんがちゃんと処方した薬なら きっと治るって！,When the doctor will give you a proper medical prescription, you'll get better for sure!
放課後はアジトに集合で いいんだよな？,We'll meet in the hideout after school. Is that ok?
やれやれ… 完璧に避けるにはもっと器用さが必要だな。,Good grief... In order to avoid that perfectly, more dexterity is necessary.
まずは貧弱な装備を どうにかしないといけないだろうな。,First of all our weak equipment. If we don't do something about it one way or another, we won't go.
あとはパレスで消耗した時のために クスリを調達しておくか…,And moving on, we'll need the supply of medicals ahead of time, because we'll get exhausted in the Palace.
そんな怪しい噂が立つ医者なら 相談に乗ってくれんじゃないかってな。,If such suspicious rumors are out, we'll be able to go and demand an explanation from the doctor herself.
それより本題に入らないの？,Leaving that aside, why don't we go to the main topic?
貴方、健康でしょ。 それが見抜けないほどバカじゃない。,You're healthy, aren't you? I'm not that stupid to let something like that slip
体調を崩しても自己責任。 それでよければ、いつでもどうぞ。,If your physical condition gets bad, it's your own responsibility. If this is acceptable, you're welcome anytime
ま、どうでもいい。 貴方が面倒を起こさない間は…ね。,Well, it's all the same to me. As long as you're not causing trouble...
仕事は無い、保障は無い、蓄えも出来ない…,(People today have)No job, no guarantees, not able to get some savings...
ああ…なんだ？ 暇なら皿の一枚でも洗え。,What? If you're not busy, go wash at least one plate...
これでひとまず、パレスに行く準備は整ったな。,Now for the time being the preparations for going to the palace are in order.
その机だ 早く片付けてくれ。,This is the desk. Tidy things up here quickly.
今回はわがはいが材料を提供してやる。 キーピックを作ってみろ。,This time I will provide you with materials. Let's try to make a Lockpick.
難しく考えるな。 習うより慣れるだ。,Don't think that it's difficult. You'll get used to it once you take some lessons(under me).
最初はみんな不器用なんだ。 うまくいかなくても落ち込むなよ？,Everyone is clumsy at first. You won't get good if you don't fail, right?
みんな分かってるんだろうな？ 期限は5月2日だぞ？,Everyone understands, right? The deadline is May 2nd.
お宝ってのは、 パレス主の歪んだ欲望の象徴.,The treasure is the symbol of master's distorted lust.
まあ、そういうことだ。 実際に行かないと分からないことも多いしな…,Well, it's something like that. I still don't know how a lot of stuff works in actuality before we go.
イゴールと関係が 深まっているのを感じる,I feel that my connection with Igor has grown deeper
仲間たちからは、 ただ立っていたように見えたようだ…,It seems that from your friends’ point of view you were just standing there
ま、簡単に言えば シャドウに見つからない安全地帯ってこと,Well, to put it simply, it's a safe area where shadows cannot find us.
休憩と相談か…そうだね。,(So this is a place for)Taking a break and discussing stuff. So that's how it is.
そうだな、長話してる余裕はねえ,That's right. We don't have (any room)time for long talks like that
うむ、より戦闘を有利にする戦い方だ,Yes, take advantage of this way of fighting in the coming battles
よし、まずはお手本を見せてやる！ よく見とけよ！,Okay, firstly let me show you a pattern. Look well!
この隙にバトンタッチで交代するんだ！,In this gap we take turns with baton pass!
弱点を突いて、 同じようにやってみろ！,Hit their weakness and try the same thing!
お前の観察能力なら、 きっと何か見えてくるはずだ！,With your observation skills we'll probably find something!
お前のというやつは… 見取り図がどれほど重要なのか知らないのか？,What kind of guy are you... Don't you know just how essential something like a floor plan is?
見取り図を手に入れれば、行ってない場所の 地形や情報が把握できる。,If you get a hold of a floor plan, you gain understanding of topography and information of places you haven't been to.
それだけじゃないぞ。 シャドウもウロウロしてるみたいだ。,That is not all there is to it. It seems that shadows are wandering aimlessly as well
洗濯するなら、たしかルブランの近くに コインランドリーがあったはずだが…,If we need laundry, there was certainly one near Leblanc, it was a coin laundry probably
鮮やかな勝利だ！,A brilliant victory!
本棚,A bookshelf
げ…なんだよ、この部屋… 鈴井の写真だらけじゃねえか！？,Wha...what is this room....It's nothing but pictures of Suzui !?
覚えてるか？ 柵を開ける仕掛けに付いてた「丸いくぼみ」だ！,Do you remember? There was a round cavity attached to to the device that opens the fence.
変な形の建物だね…？ 塔か何かかな…,The shape of this building is strange...? I wonder if that's a tower or something...
今の場所から考えると… 距離的には後半分ってとこだな,Judging from out current position... I'd say we still got half a distance left after.
気をつける、わがはいの予想通りなら あいつはちょっと厄介だぞ！,Be careful. If my prediction is correct, this thing is dangerous!
なんか、今までと雰囲気違うね…,Somehow the atmosphere is different from before...
その歪みが集まって生み出されるのがこれだ。 わがはいは「いし」って呼んでる。,And this distortion gathered and this thing got created by it. I call it [Will]
もらっておいて損はない…はずだ。,There's no harm in taking it...probably.
ていうか、なんか浮かんでる…何かこれ？,Speaking of that, what is that thing floating?
お宝は場所を突き止めただけじゃ奪えない。 「実体化」させてやんないと。,Locating the place of the treasure is not enough to be able to steal it. We need to make it materialize.
自分の欲望が、狙われてるお宝だって事を、 まず本人に自覚させなきゃいけない。,Because if your own lust was a treasure someone was after, first of all the person is question was got to be self-aware about that fact
けど、やってみる価値はあんな！,However it's worth to try!
これで「潜入ルート」は確保できたぜ。,And now we have secured the infiltration route!
ルート確保の目的は果たした。 どうする、今はもう引き上げるか？,We achieved our goal of securing the route. What do you want to do? Do you want to go back now?
更生プログラムの一環として、 「チャレンジバトル」を開催するぞ。,"As a part of your rehabilitaion, ""Challenge battle"" is now open."
結果次第では報酬も与えてやる。,Depending on the result, we can even give you rewards.
このバトルでは貴方の中にある 認知の仲間と共に戦うことを認めます。,As for these battles, you accept them inside your cognition and fight alongside your cognitive comrades.
引き継ぐ技能を選びなさい。,Select the abilities to pass over (to the new persona)
もうルートは確保済んでんだし、 予告状、とっとと出しちまわねーか？,We already finished securing the route. Let's just quickly send the notice letter (calling card).
お宝ルートは確保済みだ。 どうする、引き上げるか？,Route to treasure has been secured. What do you want to do? Get out of here?
あとは出現したお宝を奪うだけか。 いよいよだな。,After we'll make our appearance and steal the treasure. Finally!
諸君、今日はお疲れだ！,Everyone, today you did great!
少しでも問題起こしてみろ。 お前の人生、お先真っ暗だぞ。,If you try to cause even a slightest trouble, the life ahead of you will become pitch black.
常識の範囲でな。 キッチンの中にいじるな。,It's in the range of common knowledge. That you don't play inside the kitchen
そこの本棚も大変なことになってるし この際だから、全部片付けてしまおうぜ！,This bookshelf over there is in the terrible state as well. On this occasion, let's tidy all things up!
で、わがはいの予想通り、 お宝が有ったわけが…,Well, it's just like my prediction. The treasure was there!
けど、モテルためなら 我慢して頑張ってみっかな!,However in order to be popular you have to try be patient and work hard and all that, right!
本はそうだな… 確か、学校の図書室で借りれたよな？,About books. It's true that you can borrow them from the school library, right?
読書は苦手,Reading is not my favourite
午前,Morning
両方同じ長さ,Both are the same length
世界がどう見えるかは、 脳の認知次第、か…,So how you view the world depends on your brain cognition, huh...
鴨志田先生、めちゃくちゃ怒ってるらしいよ。,It seems that Kamoshida sensei is incredibly angry.
三島くんとあきらくん、あと不良の坂本が まとめて退学になるって。,Mishima-kun and Akira-kun and that delinquent Sakamoto have been decided to be expelled
そろそろ、リュウジとの関係が深まりそうだ…,It seems that bond with Ryuji will deepen soon
じゃ、わがはいはその辺を散歩してくるから 帰る時に声かけてくれ。,Well, I'm going to walk around that area, so tell me when you'll be planning to go back.
後悔してるのか？,Do you have regrets now?
よし！ 天井の棒を使って身体を鍛える,Nice! You can use the pole at the ceiling to train your body.
作戦の指揮を任せるからには 身体も鍛えてもらわないと困る。,I entrusted you with command of this operation and so if your body is not trained, it's gonna be trouble.
プロテインはトレーニングの効果を高めます。 効率的に鍛えたい場合に活用しましょう。,Protein increases the effects of training. Use it when you want to have an efficient training.
いや…利用するのは構わないんですが…,No, I don't mind you using it(library) but...
勉強…？ ああ、受験のためとか？,For studying...? Oh, for the sake of exams or something?
集中力と疲労回復が目的？ ばかなこと考える者だね。,The purpose is to have the ability to concentrate and recover from fatigue? You have come up with a pretty dumb thing.
私は貴方の受験のために「お薬」を提供。 代わりに貴方はモルモットになる取引。,I supply you with medicine for your exams. In return you become my guinea pig. That was the deal.
そうじろと関係を深められる、いい機会かもしれない…,There is a good chance I can deepen my bond with Soujiro
世の中にそんな馬鹿が増えねえように こっちで芽を潰してやってんだよ。,The amount of fools in this world probably doesn't increase. Because these kinds of sprouts are being crushed
そうじろとの距離が少し縮まるのを感じる,I feel that the distance between me and Soujiro has become shorter
…あの喫茶店のマスター、 協力者だったんじゃないの！？,The owner of that coffee shop. He was your ally, wasn't he!?
まだ時間はあるから、 焦って失敗するのだけは避けなきゃ。,Because there's still some time left, that'll prevent us from making rash mistakes.
今日は患者が少なくてラクね…,Having no patients today makes it so easy
あ、でも雨… 風邪の患者が増えたら面倒か…,Oh, but the rain... If there's gonna be more patients with cold, it'll will be a massive pain...
そう言えば、あの薬を飲むと また倒れるかもしれない…,Come to think of it...If I drink this medicine, I'm probably going to collapse again...
ガタガタ揺れてるぜ…,It's shaking with a clatter
学校も真面目に行ってるみたいだし、 その辺までなら夜も出歩いて構わないぞ。,It seems that you're taking your studying seriously too. I don't mind if you'll be roaming around in this neighborhood at night as well.
じゃ、あまいデザート追加するか？ ３００円だよ,Well, how a sweet desert as an addition? It's 300 yen
駅近くていい立地だねえ？ ねえ？,What a good place and beside the station..Right?
あっ、この匂い…懐かしいね！ あのカレーだろ？,Ah, that smell...nostalgic, isn't it! It's that curry, right?
んで、閉め作業は出来たか？ 今後はお前に任せるから、覚えろよ。,So, did you manage to close the door (finished the task of closing the door) From now on I'm going to rely on you. Remember that
じゃあ、今日こそ 焼きそばパンをゲットだな！,Well, today is the day for sure We'll get the yakisoba bun!
今の話もそうだけど 季節限定とか、世の中、色々あるよな…,About that talk just now. So in this world a lot of things are limited by season, huh...
上等だぜ。,Bring it on then!
同感だ,I have the same feelings
ちょっと、ホントに大丈夫…？ 正体バレたりしたら、これまでの苦労が…,Wait, is that ok, really...? If our identities are exposed, this is going to be troublesome...
お前ら、準備を怠んなよ？,You guys, don't leave your preparations undone, right?
泣いても笑っても明日が勝負だ。 準備は万全にしとけよ？,Whether we cry or laugh, it's victory or defeat tomorrow! Prepare perfectly.
抵抗できない生徒に歪んだ欲望をぶつける、 お前のクソさ加減は分かっている。,You project (hit with) your distorted lust onto students who cannot resist I know how shitty you are
まあいい。 どうせ貴様らは、じき退学だ,Whatever. It's time to expel you bastards anyway
今の鴨志田の反応… パレスに絶対影響が出てるはずだ！,This reaction from Kamoshida just now... It definitely has an impact on a palace!
行くぞ！油断するなよ！,Let's go! Don't be careless!
他に警備を回して ここが手薄になったのかもしれん。,They were probably moved to other place for defense and this place has become undermanned
王冠だけ狙おう,Let's aim for the crown
ここはすぐに崩壊する！,This place is going to collapse in the moment
目的地が消去されました。,The place of your destination was erased.
鴨志田にとっての欲望の源が、 それだったってことだ。,From Kamoshida's point of view that is the source of his lust.
でも、鴨志田の人格に、 相当な影響を与えたのは間違いない。,But I have no doubt that it reached Kamoshida's personality and had an appropriate effect on it.
豆は棚にあるのを適当に使え。 それぞれの特徴はそのうち教えてやる。,The beans are on the shelf. Use them properly. I will teach you about the features of every single one.
一緒に練習したほうが 効率いい気がすんだけど…,We better train together, I think it'll be efficient that way.
誰かから誘いあったんだろ？ 食べ終えたら、2階で返信してみるか？,From whom was that invitation? When you're finished eating we'll reply on the second floor, right?
ちょっと！ 不吉なこと言わないでよ,Wha...Don't say such sinister things!
絶妙なマズさと引き換えに お客様の体調を強化する,In exchange for superbly bad taste, your physical condition will strenthen.
購入する,Purchase(goods in a shop)
昔は全国目指してたのによ、 全然だめじゃねえか…,Even though I was aiming for nationals long ago, I can't keep up anymore...
俺ら…「元」陸上部の「居場所」だよ。,It's our's....former track and field club place now.
みんな、鴨志田の野郎には 我慢してたんだ。,Everyone had to endure that bastard Kamoshida
むちゃくちゃなこと言われても、 何時間も正座させられても、陸上部のためだって…,Even though you tell us these absurd things. How many times we were forced to kneel, all for the sake of track and field club...
地下鉄の復旧早くて 助かった…,It's nice that they restored the subway so quickly
でも助けられなかった 友達失格だよ,But I couldn't save her, what a failure of a friend I am
おい、あん殿が明らかに動揺してるぞ！ 男らしく助けてやれ！,Hey, it's obvious Ann-dono is disturbed! Be a man a help her!
鴨志田先生から「自宅謹慎する」って連絡が…,I heard from Kamoshida-sensei that he has been put on house arrest.
君たちの退学の話も、保留になるかもね… 良くは知らないけど…,The talk about expelling you was probably put on hold... I don't understand much either...
俺、この間、気になってた子と 話す機会があったんだけど…,So there was a time recently when I got a chance to talk to a girl I liked, but...
本で覚えたこと話したら すげえ盛り上がったんだよ！,But when we started to talk about a book I remembered, she got really excited!
…偶然うまくいったからって 浮かれている場合じゃないぞ。,There's nothing to be celebrating. It was just because of a lucky coincidence
いいか？知識だけじゃダメだ。 立ち回りの器用さも大事だぞ。,Listen, knowledge alone is a no go. Agility is vital as well when you get into fights.
相手を受け入れる優しさはもちろん、 時にはビシッと言える度胸もいる…,Of course you need kindness to accept others . Then there's guts for times when you want to speak sharply...
人を引きつける魅力だって必要だ。,Charm is necessary for attracting people to you.
とりあえず毎日、風呂入ってきれいにしとく。 不潔な奴は嫌われるっていうし,First of all take bath every day and keep yourself clean. I heard that girls hate dirty guys.
俺、まだ廊下のトコいるからよ 何かあったら連絡くれな,I'm still in the hallway so if you want to do something contact me.
気分転換に ラーメンでも食いにいかね？,Let's go eat ramen or something to change the mood
死者と会話出来る女性の 不思議な物語だ…,It's a strange story about a woman who is able to talk to deceased...
お前が「a person of talent」 がどうか訊いてるみたいだな。,She seems to be asking you something about [a person of talent]
ラーメン丼,Ramen bowl (present)
保証してやれなくて悪いな。 だが、必ず変化はあるはずだ。,I'm sorry that I can't give any guarantees but I'm certain that there was a change.
不気味な事件を追う 捜査官の物語だ…,It's an story about an investigator chasing after an eerie indicident
ま、どうせただのいたずらだろ？ 本気にしてる奴なんていねえよ。,Well, in any case it's a prank, right? There's no way there are guys that would do this for real.
私は教師としてあるまじきことを 繰り返してまいりました…,I did all these inappropriate things as a teacher repeatedly...
生徒への暴言、部員への体罰… そして…女子生徒への性的な嫌がらせ…,Abusive language towards students, corporal punishment to the club members... And finally...sexual harassment towards female students...
もちろん、それは撤回します…,Of course I'll retract them (Request for expelling)
私は傲慢で、浅はかで… 恥ずべき人間、いや人間以下だ,I'm arrogant, shallow, disgraceful human being. No, I'm less than a human.
朝礼は終了します！解散！解散して！！,Morning assembly is over! Disband! Disband I say!
でも「死んで詫ます」とか 「自首します」とか、急に言う？,But what is that talk about gravely apologizing and turning yourself in all of the sudden?
俺たち、知ってたのに… 見て見ぬふりしてた。,Even though we saw it, we pretended that we didn't...
高巻さん、私、誤解してて… 変な噂広めちゃって…ごめん！,Takamaki-san, I misunderstood the situation and spread these strange rumors. I'm sorry!
謝りたいって思ってる子 きっと、たくさんいると思う。,The people who thinking about apologizing...I'm certain there're a lot of them.
つーか、どうだった？見舞い…,By the way, how did it go? The visit to the hospital...
セクハラとか、自殺未遂とか… やっぱレッテル付いて回るし,Sexual harassment and failed suicide attempt... That label will probably follow her after.
ひとまず、今後のことは、 事態が落ち着いてから相談だね。,After the situation has calmed down, we'll discuss what to do next, right?
って、３万！？ 金メダルの価値って３万かよ！？,Wha...30000!? The price of gold medal is 30000?
事態を見守ることには賛成だ。,I agree about keeping an eye on the situation.
怪盗の相談は美食の席でと決まってる。 どうだ？,So we'll conduct the Phantom Thieves discussion at some location with delicious food. How is that?
俺は借金あるし、文句は言えねえ…,I'm in debt so I can't complain...
次の日からの学校生活に備えて、 勢いつけるって意味で。,From the next day we'll have to make preparations for our school life. The point is to make some energy.
いいよな、お前は明日から連休で…,Good, isn't it? You have holidays starting from tomorrow...
おいおい、確保してどうすんだ。 好奇心は猫を殺すんだぜ？,Hey,hey. What're you doing getting caught? Because of your curiousity the cat will be killed...
メダルを換金しに行くぞ。,Let's go and convert that medal into money.
悪いね、なんか催促したみたいで。,My bad. It seems that somehow we were in high demand.
さて、次の話題…過去の栄光から一転、 逮捕された五輪メダリストに一体何が？,So, the next subject...Complete transformation from former glory - Olympic medalist was seized. What exactly was that?
体にベタベタ触ってきたりとか、 しょっちゅうあって…我慢してました。,He touched all over my body and that happened all the time... I had to endure that.
見てねえな さすがに伏せるだろ,I didn't see that. Naturally he laid face down, right?
絶対がっかりさせないから 楽しみにしてて！,We'll definitely have fun and won't let ourselves get disappointed!
ご主人に手伝い頼まれても ちゃんと断れよ？,If the master asks for help, refuse properly this time, right?
生意気、言ってんじゃねえ。,Don't talk so cocky.
人間の心理状態って、 そう簡単に変わるものかしら。,So a person's mental state changed just like that, huh?
何だ、その紙袋は？ ちょっと中を見せてみろ！,What's that paper bag? Show me what's inside!
とにかく、捜査に協力しろ！,Anyway, help the investigation!
チャンスじゃねえーか？ 返すとき、ミリタリー屋に交渉してみようぜ！,It's our chance, isn't it? When you come back to that military shop, let's try to bargain!
想像以上に、反応が大きくて… ちょっとびっくりした…かな。,The reaction was massive, beyond what I had imadined. I just got really surprised....
とにかく、成功したんだから、お祝いだよね！,Anyway, that was a success, so congratulations!
明日、渋谷駅前に１２時。 遅刻厳禁だから！,Tomorrow at 12 in front of Shibuya station. Being late is strictly prohibited!
せっかくだ、飾ってみようせ！,Finally! Let's try to put it on the show!
さて、自室を飾り付けてみるか？,So, shall we try to decorate your room?
あ！　ここ時間制限あんじゃん！？,Ah! Don't we have a time limit !?
スイーツメニュー…食べ尽くすなきゃ…！,Sweets menu...I have to devote myself to eating it up..!
ああ、溶ける,Ah, it's melting.
鴨志田の事件のこと 話題になってるな。,So the incident with Kamoshida has become a hop topic for discussion...
そんなに視聴率よかったんですか？,The ratings were so good, weren't they?
相手はあほな大衆だからな。,Because the other side is stupid masses.
真面目に調べる案件じゃないだろ。 そもそもばかばかしい話だし。,They're seriously discussing that topic, aren't they? That was a ridiculous thing to talk about to begin with.
うちで扱うには 少し子供っぽすぎると思いますけど。,Judging from how they operate, they seem like a kids a bit too much...
どうよ、高級料理とご対面した感想は？,So, what're your impressions of high class food after seeing it in person?
てか、持ってきすぎだよ。 残したら行儀、悪いし。,Speaking of that, didn't you take too much? If something is left, it'll be considered bad manners.
やめろ…酸っぱい話とか…,"Stop that....talking about ""sour"" and stuff..."
わ、わがはいも… 頼む…そっと運んでくれ…,Me...me too... Please...Carry me gently...
「吐くまで食う」って豪語して ほんとに吐くとか…バカなのか？,"All that big talk about ""Eating until I vomit""... And you really vomited...Are you stupid or something?"
さっき、俺らも会ったんだ。 身勝手で、人のこと見下してるクソな大人…,We met someone like that before too. A self-centered, shitty adult who looks down on people...
困ってる人を見過ごしたら、 前の自分に戻っちゃう…！,If I overlook people in need, I'll go back to being my old self...!
想像もしたことがなかったが…,I couldn't even imagined that this would happen but...
たしかに、あの力があれば、 人助けくらいは出来るかもしれない…,Surely, if we have this power we probably should at least be able to save people...
異議なーし。 俺、そういう責任感いるの苦手。,No objections! Having sense of responsibility like that is not my strong point.
ルーキーの提案にしては上出来だな。,That's a great suggestion for a rookie
うむ、「全会一致で決めた大物」か。,Yeah, so it's going to be an influential person whom we choose unanimously.
怪盗団の結成だぜ！,The Phantom Thieves are formed!
美学を共有する仲間と出会い、 お前は現実に自分の居場所を見出した。,You encountered comrades with whom you share your aesthetics and found a place for yourself in the real world.
シャドウと戦い、経験を積むこともひとつ。,(In order)To fight shadows and also for accumulating experience.
お前が現実を過ごす合間に、 契約した者との関係を洗練させろ！,Refine your bonds(Make your bonds refined) with people you're in a contract with during your time of break in the real world
…刻限です。 束の間の休憩時間へと戻りなさい…,It's time. Return to your brief time of break
契約者を訪ねることを忘れるなよ、囚人！,Don't forget to pay a visit to your contractors, inmate!
鴨志田先生のことはまだ警察が調査中だし、 私の口からは何ともね…,The case regarding Kamoshida-sensei is still under police investigation. I wonder what will they ask from me...
弁解じゃないけど、同僚として見る限りじゃ、 鴨志田先生は、まあ普通の人だったから。,And that's not an excuse but when you looked at him only as a coworker, Kamoshida-sensei, well, he was a normal person...
人間って、心の中の無意識の部分に 幾つも「別の人格」を持ってるんだって。,"Inside a person's heart there's a part of unconsciousness. And it has multiple ""Other personalities"" inside"
鴨志田くんの有様は…君もみたね。,Kamoshida's condition...You saw it too, didn't you.
仰ってる意味が…,So what you mean is...(The meaning of what you're saying is...)
鴨志田先生が「変わった」のは事実だ。 原因が何なのか、正しく掴んでおきたい。,"Kamoshida-sensei was ""Changed"", that is the truth. Whatever the cause may be, I truly want to grasp it."
君は「何か」をした「誰か」を探るんだ。 でないと無責任な噂も収まらない。,You look for what happened and who did it. If you can't find it, these irresponsible rumors won't be sorted out
どこの大学にも推薦できるよ。 新島真くん。,I can recommend you to any university, Niijima Makoto-kun.
君に何か不本意があったら、 お姉さんは、あまり都合がよくないだろうね…,If you'll be reluctant to do something, your sister's circumstances won't be looking that good...
マジで警察来てるな… 玄関の所で見たぜ,Police came for real... I saw them by the entrance.
なに今の神回避！？,What was that godly evasion just now?
怪盗団の今後には、期待してる。 内心そう思ってるやつ、多分たくさんいる。,They have high expectations of what the Phantom Thieves are going to do next. There're probably a lot of people who think this way deep down.
世間の評判とは別のところで、 怪盗団を支持し続けた声があったらしいわね。,Distinct to the public popularity, there was another voice who has continued to support the Phantom Thieves.
…だから、「私もごめん」って、 お互い謝ったんだ,That's why I said sorry too and so both of us apologized
私ね…鴨志田から、脅されたでしょ？ 付き合わなければ、しほのレギュラーを外すって,Me too...I was threated by Kamoshida, right? If I didn't go out with him, Shiho would've been dropped off from being a regular.
強引だったから驚いたけど… 助けてくれたんだよね。,Despite the fact that it was pushy and I was surpised... You saved me.
いい感じの特訓、思いついたら連絡するから、 また付き合ってね！,When I think of a good special training I'll contact you, so let's go out again after, right!
今日からお前が戸締りしろ。 帰りをいちいち待ってられないからな。,From now on lock up by yourself. I can't go waiting around for you to come back every time.
せっかくだから ちょっと出掛けてみるか？,Finally! Should we try and leave?
真相は不明ではないですか！？,The real situation is unclear to us, isn't it !?
…君、熱心に聞いてくれているね。,You...You were listening keenly, weren't you?
政治に興味があるのかい？,Do you have interest in politics?
…うーん、確かに若い人手が欲しい所だが、 未経験者を雇うわけにいかないな。,....Even though it's true I require a help from a young person, but I won't employ such an inexperienced person.
申し訳ないね。 また演説を聞きに来てくれると嬉しいよ。,I'm really sorry. Come again to hear my speech, I'll be glad.
牛丼屋でバイトすれば、 ちょっとは器用さが磨けるんじゃないか？,If you work in this beef bowl place, you'll be able to polish your agility a bit, won't you?
いや、紹介等は結構だ。 早速、仕事に取り掛かってくれ。,No, enough introductions and all that. Please begin working quickly.
お客さんの注文を聞いて、作って、配膳して、 会計して、片付けて、後は店を掃除する。,You have to take customers orders, make them, deliver it to them, bring bills, tidying up and after that clean the place.
まあ、やるだけやってみようぜ。 わがはいも応援してやるよ。,Well, you should try to do it then. I'm gonna be helping too.
パレスを持ってそうな大物の依頼、 来そうな気配もねえし…,There're no requests for some big shots who probably have palaces. There's not even a sign that someone like that is coming...
自力で探すしかねえーか？,There's nothing to do but to search with our own efforts, right?
そうそう、ここね、 例の事故もあったし閉鎖することになってたの。,Yes, yes, this is it. After the aformentioned accident this place was closed for entrance.
掲示板見たよ！ ストーカーの成敗を見事！,I saw the notice board! Good job punishing this stalker!
っと、ごめんごめん。 最近、ちょっと寝不足なんだ。,Aaah, sorry, sorry. I'm lacking in sleep department lately.
怪チャンの管理しっぱなしで,Management of Phan-site is going without mistakes
ホラ、怪盗お願いチャンネル」、 略して怪チャン。,See? Phantom Thieves request channel. Phan-site after abbreviation.
まあね。でもそっちに比べれば、 俺はあくまで後方支援さ。,Well, yeah. But compared to you I'm just doing my best to support you from the back.
君たちが、実際どうやって 悪党を成敗してるのか知りたいけど…,I want to know how you guys actually punish villains, but...
怪盗団の人気をコントロール… いや、プロデュースするんだ。,I will control the popularity of the Phantom Thieves... No, I will produce it...
承知いたしました。 少々お待ちください！,I accepted it (acknowledged your order). Please wait for a bit!
見た目は美味しそうだけど… いや、美味しいんだろうけど…うむむ。,From appearance alone it looks tasty, but.... No, it's just is tasty, isn't it...yes,yes...
なんか学校の雰囲気 変わったよな？,Somehow the atmosphere in the school changed, didn't it?
だからって 同情なんかできない。,That's precisely why I can't sympathize with him.
「多くの大衆が抱く気持ち」ってのは、 メメントスにも影響するもんなんだ,If a lot of the masses embrace this feeling then it's gonna have an effect even in Mementos
…って事は、倒すのも無視するのも楽そうだな。 まっ、実際の具合は行って確かめようぜ。,So basically there's also a second option other than defeating, we can easily ignore them (enemies). Well, let's go and check how things really are (the real condition)
メメントスには1匹、格段にヤバイ奴がいてな… のんびりしてるとコイツが襲ってくるんだ。,In Mementos there's one far scarier guy than everybody else... If we take him leisurely, he will come and attack us.
ジョゼが 色欲の結晶を見ている…,Jose is looking at the crystal of the lust
けど、まだ力を出し切れていないみたい。,But it seems that the power is not extracted from it.
これでそのアクセサリーも、 真の力を発揮できるようになった。,And now this accessory has been made able to show it's true power.
色欲の指輪,Ring of lust
あっちの世界の地下鉄で見て、 ひらめいたんだ。,I looked at that world's subway and an idea came to my mind.
持ってたら交換して欲しいな。 いいもの拾っておいたよ。,If you have them(flowers) I want to exchange. I gathered some nice things in advance.
あれ、メメントスを出ると何故か消えちゃうんだ。 僕も理由は分からない…不思議だよね。,The thing is, when you leave Mementos all your flowers disappear. I don't understand the reason why...It's so strange, isn't it.
だから、忘れずに僕の所に交換しに来てね。,That's why come to my place for exchanging so you don't forget(to do it before leaving)
このエリアから ターゲットの気配を感じるぞ！,I sense the sign of a target from this area!
お疲れ、お兄さん。 探索は順調？,Good job, brother. Was your search well?
メメントスから現実世界へ帰還します。 お疲れ様でした。,You're returning home to the real world from Mementos. Thank you for your work.
エリア４待合室を発見した,Found an area 4 waiting room
キリがいいところまで来たな。 眼鏡の奧に知性の光…なんてな。,That's a good place to end it(studying session). I see the sparkle of intelligence from inside of your glasses...or something like that.
学校には真面目に通ってるのね。,When it comes to school, you're attending it quite seriously.
転校してきたばかりなのに… よっぽど気が合うのかしら？,Even though you have just changed schools, you're getting along with her very much, aren't you?
彼女、鴨志田先生の被害者だったみたいだけど 本当にそれだけかしら…,It seems that she was a victim of Kamoshida-sensei. Is that truly all there is to it...
皆さんお待ちかね 武士の時代の始まりです。,As you're probably expecting, we'll begin the samurai era.
料金は1回1回払うから、 めんどくせー契約とかもいらねーんだ。,Because they charge each time for each visit we don't have to sign any stupid contracts and stuff like that.
だから、むしろお前には感謝してるよ。,A that's why, if anything, I should be the one apologizing to you.
複雑そうだな,It seems that you have mixed feelings.
けどよ…気になんのは、新しい顧問の山内だ。 あいつは「ミニ鴨志田」だ。,But I now I got curious...That new consultant Yamanai...He's like a mini Kamoshida.
い、いや、　失敗失敗！ 最近、掲示板の書き込みがホント増えちゃって！,A, no, my mistake! It's just that the number of posts on the display board has increased!
次こそは失望させないよ。 俺、絶対、怪盗団の役に立ってみせるから！,Next time I won't disappoint you for sure. I'll definitely show that I can be useful to the Phantom Thieves!
入手経験値獲得量が上がる,Increases the amount of acquired experience points
やっぱネットって基本、匿名だからさ...,After all it should be obvious...Anonimity is the most basic thing when it comes to Internet...
貴重な情報が得られるチャンスだったんだけどな…,It was a chance...I could acquire a precious bit of information, but...
じゃ、そろそろ怪チャンの管理に戻るよ。 これからの展開、楽しみにしてて！,Well, I better go back to managing Phan-site. Look forward to our expansion from now on!
声、渋い…！,His voice is so elegant!
た、担当はカウンセリングです…,I will be responsible for counselling
ニュースにもなってるし、 放置はまずいって思ったんじゃない？,It's everywhere on the news, they just thought that leaving the situation as is was bad, didn't they?
いきなり見ず知らずの僕と話せって言われても、 困るのは分かるよ。,All of the sudden I ask to talk to me(therapy), the person you don't know and see for the first time. I understand that it's difficult for you.
僕は保健室にいるから、 都合のいいときにでも来てよ。,I'm gonna be in the school infirmary so come when it's convenient to you.
なるほど…うん、ありがとう。 あきら君の状況は、だいたい把握できたよ。,I see. Yes, thank you. I think I was able to understand our situation more or less, Akira-kun.
いや、テストは潔く諦めた。 ゲームしたら、朝になってたわ。,No, I bravely stopped doing tests. I played a game and then the morning came.
さすがはアン殿。 どっかのバカ猿とは大違いだな。,Well done, An-dono. You're completely different to that moron monkey.
あ？　テメエの方が脳みそ小っせえくせに、 偉そうに言うなよ。,Huh? Despite your brain tissue being so small, you tell that so pompously.
あーもう、朝からうるさい！ 覚えた年号、忘れちゃ…,Ah. stop it. So noisy right from the morning. I will forget all the Japanese era's names that I memor...
君こそ、ずっと探してた女性だ！ ぜひ、俺の,You're the one, the woman I was searching for! Certainly, you'll be my...
俺は班目先生の門下生で、 住み込みさせてもらってるんだ。,I'm a disciple of Madarame-sensei, he has let me to live and work at his place.
画家を目指してる。,I'm striving to be an artist.
えっ！？班目って…あの？ こないだ「情熱帝国」に出てた？,"Huh? Madarame? The one released ""Passion empire"" just the other day?"
超有名な日本画家。 「世界で評価される日本画家」なんだって。,He's an extremely renowned Japanese artist that is praised around the world.
じゃあ明日、ぜひ会場で！,Tomorrow at the meeting place! Definitely come!
班目の弟子と偶然知り合った？,You got acquainted with Madarame's pupil by accident?
確かに班目は、許されざる罪人だった。,It's true that Madarame was an unforgivable criminal.
けど、長年隠し通してきた秘密の悪事を 短期間で、どうやって突き止めたの？,But he kept his wrongdoings hidden for many years. How were you able to identify them in such a short time?
いいわ、班目の件の続きを話して。 事実だけを、簡潔によ。,Fine then. Continue the story about Madarame. Only the truth...And keep it brief.
これ何の行列か？,What's that line for?
この人の展覧会 今日からだったんだ…,It's an exhibition of that person. It starts from today...
私のアトリエは質素なあばら家ですが、 美の探求には充分なのです。,My atelier is but a modest shack. That's quite enough for pursuit of beauty.
それにしても、巨匠班目先生から、 「あばら家」なんて言葉が出るなんて。,"By the way, that was some word coming from maestro Madarame himself. ""Shack"", wasn't it?"
日本画って、こんな色々種類があるのね。,There's so much variety when it comes to Japanese paintings, isn't there?
「日本画の大家が弟子の作品を盗作している。 テレビは表の顔しか報じていない」…だとよ。,"It goes like this ""A master of Japanese paintings who steals works from his disciples. On the TV they don't report about anything but his public self"""
盗作に加えて、虐待ってことか。,In addition to the plagitarism there's also abuse.
だって、まさに弟子でしょ？,Because he's a disciple without a doubt?
あと班目先生のアトリエの住所も。,It's after, at Madarame-sensei's atelier (address)
ちょ、会話に入って来んな。 ペット運賃、払ってねえんだよ。,Shh, don't you start talking now. We didn't pay a fare for pets.
連打だ,Strike him(Morgana) repeatedly.
間もなく～渋谷～渋谷～。 お出口は左側に変わります。,Arriving at...Shibuya..Shibuya. The exit is changing to the left side.
あばら家って言っても、こんな都心に住むなんて… さすが有名芸術家だよね。,The house he talked about...So he's living in the city center... That's famous artist for you, huh.
自首の動機は…,Motive for turning ourself in is...
それに今は、住み込みの門下は俺ひとり。 俺が無いと言うんだから、疑う余地はない。,And now I'm the only pupil who resides here, me alone. And when I tell you that it's not true, there's nothing left to suspect.
俺が画家を志す、 きっかけをくれた絵なんだ,The aspiration to be a painter that I have. It's the painting that started it all.
俺は、こんな「美」を追求したい。,"I want to pursue that kind of ""Beauty""."
この表示…班目先生にも パレスが…ってことだよね！？,That display...Madarame-sensei...has a palace as well...
入るには、最低限「本人の名前」と、 「場所」が分かればいいんだったな？,To enter we need a person's name and a place at the very least. If we know that, it'll be fine, right?
まさか…あの行列に並ぶのか？,Don't tell me we are going to stand in that line?
…チャンスだ 警備が正面に集中するらしい。,It's our chance. Defence seems to be concentrated in the front gates.
歪んだ絵画,Distorted painting
マジか、この人数ぜんぶか？ 前に屋敷に行った時は…,Really, this number of people, all of them? That time when we were at his residence before...
何かの冊子が置かれている…,Some sort of booklet is put there...
パレスのくせに芸が細けえよな… こんなもん、無視でいいだろ？,Despite it being in the palace the technique is careful(detailed)... Do you really want to ignore that thing?
近接武器で攻撃,Attack with the close ranged weapon
まだ来る！？注意しろ！,They are still coming!? Be careful!
「無限の泉」…?,Spring of eternity..?
みんなの意見は？,What's your opinion, everyone?
モデルの話受ければ、 真相、聞けるかもしれないし。,If I accept his modeling offer, I might be able to hear the truth from him.
「怪盗団」としての初陣だ。 ゼッテー成功させんぞ！,It's our first campaign as Phantom Thieves. We'll definitely make it a successful!
ユースケが真実を語らない理由か…,The real reason Yusuke doesn't tell us the truth is...
俺らがやろうとしてることって、 喜多川にとって、お節介なのかな...?,If we were to do it, then wouldn't it be meddling? For Kitagawa?
パレスで見たこと、 ホントかどうか喜多川くんに確認しないと,Things we saw in the palace. I have to confirm from Kitagawa-kun whether they are true or not.
班目の尻尾、掴んでやろうぜ。,Let's catch Madarame by his tail!
モデル引き受けたら、 喜多川くん、かなり喜んでくれてた。,Once I accepted his modeling proposal, Kitagawa-kun became quite delighted
監視だよ。 お前が変態なことしねえように。,We're monitoring. Cause you still might be a pervert.
妙な勘繰りはやめてくれ。 彼女に異性としての興味は一切ない。,Please stop with your weird suspicions. As a member of opposite sex I don't any interest to her whatsoever.
勘違いしないでくれよ？,But don't go taking wrong ideas, won't you?
被害者など、どこにもいない！ 身勝手な正義を押し付けるな！,There's no victim here or something like that anywhere! Don't impose your egoistical justice onto others!
二度と来るな… 次は迷惑行為で訴えてやる。,Don't come here ever again... Next time that (harassment/disruptive behaviour) happens - I'll sue you!
理想のモデルで裸婦画を描けるなんて...!,To be able to paint something like nude painting of such a ideal model...!
なんか、優しそうな感じだね。 ストーカーしてた印象ないよ。,Somehow I have kind of tender feeling. He doesn't give off the impression of a stalker.
逃げ出した私が言うのもなんだが、 自殺した兄弟子の悲劇は繰り返したくない...!,As if I'm to talk, the person who ran away, however I do not wish for this tragedy, when my brother disciple commited suicide...!
それに喜多川くんの本音も聞けたしね！,More than that we were able to hear what Kitagawa-kun really thinks!
それに…アン殿の貞操がかかってる！！,More than that...An-dono's virtue depends on it(success of the plan)!!
その上で「心を頂く」予告。 お宝を「実体化」させて、いただく。,On top of that we send a previous note where it says that we take the heart. And then we make the treasure materialize and take it!
だいぶ学習してるな、いいぞリュージ。,You have learned a lot! Nicely done, Ryuji!
けどモノを見れば、わがはいの直感で確実に分かる。,But then we see it, I'll surely understand what it is with my instincts.
今回の期限って、 個展が終わるまでなんだよね？,The deadline this time, it's until the end of his exhibition, right?
しまった、防犯装置だ！,Damn it, it's security equipment!
これ…例の赤外線だよね？ こんなの超えらんないじゃん…,This is...that infrared rays from before, aren't they? We won't be able to pass through that...
だが、これだけ厳重ってことは、 守りたいモノがこの先にあるって証拠だ。,But such a secure (defense) can only be a proof that there's something ahead that you want to protect
待て…あの奧の扉… あの柄…どっかで見たような…,Wait...That door in the center... It's like I've seen that design somewhere...
…そうか！　あそこだ！ あそこのフスマと同じだ、間違いない！,That's it! From there! It's the same as sliding door from that time, there's no mistaking it!
あれが現実の何処の扉の認知か、見当がついた。,I have a guess that this is a cognitive version of that door from somewhere in the real world.
指定したペルソナを持ってきたようですね。,You brought the assigned persona to us, huh?
それを面白がるとは、実は心外です。,To tell you the truth this interest that we feel is wholly unexpected.
まあ、断るの権利はない。,Well, you have no right to refuse(our offer).
実は、前に来たときに偵察してある。,To tell you the truth when we came here earlier I did some scouting.
つーか、屋敷に入んのも、どうやるかなー。 無理に入ったら今度は通報だし…,But I wonder how we can get in to the mansion this time... Because if we enter this time, we'll get reported to the police...
大丈夫、わがはいも同行する。,It's ok. I'll go with you.
あ、先生がここに睨んでるよ！,Ah, teacher is glaring at us!
パレスの中で待機して 扉が開いたら制御室みたいなのを探してくれ。,Stand in the palace and wait. If a door opens - look for something resembling a control room.
そお？　体重　変わってないんだけど。 むくんでんのかな？,You think so? But my weight hasn't changed...Maybe it's the swelling?
じゃあ、とりあえず… ここで…用意、いいか？,Now then, first of all....Are you ready for it?
開く気配、全然ねーぞ… もうすぐ班目が帰ってくんだよな？,There're no signs of it opening. Madarame is going to return any minute now, isn't he?
ぶっちゃけこの作戦、 うまくいったら奇跡じゃね？,To put it bluntly, if this operation goes well, it'll be a miracle, right?
お願い…二人っきりになりたいの。,Please...I want it to be just the two of us.
実は、借金を抱えている。,The thing is, I have debts.
でたらめを言うな！,Don't talk nonsense!
腐った悪党を改心させる集団…てことか。,We're the group who makes rotten villains have a change of heart...or something like that
事実は小説より奇なり…か。,The truth is stranger than a novel in it's own way...huh.
「心を盗む怪盗」…実在したとはな。,Phantom thieves stealing hearts...So they really do exist.
あ、成績もう出てんじゃん。,Ah, they posted results(of an exam) already.
良かったー！ 平均、超えてる！,That's a relief! It's above average(result)
強い欲望…「歪んだ主観」の持ち主が持ってる,(He must have) Strong desire...That is the distorted ego the owner must possess.
そーなんだよ、そこ若干クイズでよ。 今後チョイ厄介かも,Yeah, that...is somewhat a quiz. We had a lot of trouble with that this time
だが、ルート確保する為には、 セキュリティの解除は必要なステップだ。,However, in to secure a route terminating security is a necessary step.
パスワード承認… …セキュリティシステム…停止…,Password approved...Security systems have been stopped
確かに妙だが…行くしかない。 慎重にな、ジョーカー。,That's true it's strange but we have no choice but to go. Be careful, Joker.
おおー！ スカルお手柄だ。やるじゃねえか！,Oh! What a feat, Skull. Nicely done!
見た目通り、繋がりもが歪んでいるわけだな…,It is as it seems. The connection is distorted too huh...
思えば、贋作だらけこの黄金の空間は、 班目の頭にある錬金術そのものの具現化…,If you think about it, they're all but fakes, everything in this place. They're a materialization made possible by virtue of alchemy in Madarame's head.
所詮は幻だろうが、絵としては間違い。 さすがだな。,In the end it is a mere illusion, however as a painting it cannot be mistaken. Well done.
気を付けろよ？ 歪みがますます強くなってきてる…,Be careful, right? The distortion is beginning to get increasingly stronger
予告を出して、班目に「奪われる」と認識させりゃ おたからが実体化して、ヤッホーこんにちはよ。,"We'll send a calling card and Madarame's cognition will be made to realize the treasure can be stolen. It will materialize and will say ""Well, hello there!"""
ぬー？ 電源を触ったのは貴様たちか！,So it was you bastards who messed with electricity!
バトンタッチを受けた時の行動で 状態異常付着率が増加する,When you accept baton pass the next action will have increased rate for status effects to stick
アイツ、見るからに強敵だぞ。 準備はいいか？,From the looks of it, it's a strong enemy. Are you prepared?
いや、恐らく展示ホールの 仕掛けを操作する部屋だろう。,No, it's probably a room that controls all the mechanisms in the exhibition hall
これはフォックスの推理、当たりっぽいね！,So Fox's deduction now looks to be spot on!
警備の隙間…という事か。 しかしどうする？　飛び降りるか？,Crack in the defense as it seems. But what shall we do? Are we jumping down?
手分けするんだよ。制御室で電気を消す係と、 クレーンを操作する係と、降りるわがはい。,We'll split into groups. One will be in charge of turning off the electricity with the control room, the other will handle the crane. And I'll come down (on it).
励むがいい、囚人！,You better work hard, inmate!
全ては貴方のため。 態度を改めるべきです。,Everything is for your sake. You must change your attitude.
それでは、次の課題を言い渡します…,Well then, I'll announce the next assignment...
無礼な男ですね…,What an impolite man...
うし、多少不安はあるが…やるしかねえ。,Ok. I'm worrying a little but it cannot be helped.
ご返却ですね？,Do you want to return it(DVD)?
で、他に容疑は？ こっちも忙しいんだけど。,Well, any other suspicions? Because I'm a busy person too.
こりゃ、一気に注文が来るぞ。 忘れないように、しっかり記憶しろよ？,Well well, the orders come without stopping. Memorize them well so that you don't forget, ok?
私はこの国の現状を変えたい… それには君みたいな若者の力が必要なんだ。,I want to change status quo in this country. And in order to do that young people like you are necessary.
ああ、共感してもらえたかな？,Ah! You sympathized with that idea, didn't you?
これでも演説には、 多少、心得があるつもりだ。,Then you got some knowledge out of my speech and that's the intention.
僕が今、考えているのは、 精神…心が感じる「痛み」について。,Right now I'm thinking like talking about spirit...the pain that the heart feels.
具体的に言うと、ひどい言葉を投げられたり 大切な存在との別れだったりで感じる苦しさ…,If we are talking about concrete things. It's like if someone throwed harsh words in your face or if you were to part with your precious existence, the feeling that you would feel would be anguish.
身体の痛みであれば、怪我や病気の症状として 必要なものだと考える事はできる。,If you were to have symptoms of a physical pain, be it an injury or illness, we would be able to think of the necessary things (to cure it).
けどさ…例えば 失恋の痛みなんてどうかな。,Well, let's say how would it be if it's something like a broken heart.
心の傷は実際には目に見えなくて、 ある意味では身体の傷よりも複雑だ。,The thing with heart wounds is that they're unseen to the eye. In a sense these are more complicated than body wounds.
そんな、心が負ってしまう「痛み」に 苦しんでいる人を助ける為に僕の研究がある…,And my research exists in order to save the people who are suffering from the pain in the wounded heart
最大SPが５上がった。,Maximum SP increased by 5 points
戦闘開始時に、主人公にチャージ＆ コンセントレイトの効果を得ることがある,"At the start of the battle protagonist has a chance to get ""charge"" and ""concentrate"" effect"
仕事と研究の両立って結構ハードなんだよね。,It's rather hard for job and research to coexist, huh?
誰がお前なんかを当選させるか！,Who the hell will let someone like you get elected!
その未熟さから… 派手な連続スキャンダルを起こしてしまった。,Because of that inexperience I'd got myself in an flashy long lasting scandal...
...技術に興味がある,...I have an interest in that skill(public speech)
あ、じゃあさ、坂本君は普段何してるの？ 放課後とか、休日とか,Well, let's say...What are you usually do? After school and on holidays etc?
フォックスの合図…！ 準備OKって事ね…,Signal from Fox. So the preparations are OK...
ここは…中庭か！？,This is... A courtyard!?
人の欲望の塊に、あんな夢中になっちまうし...,The embodiment of human desires...I get so easily engrossed by it...
他にも、異世界での変身だって、わがはいだけ、 自由に猫に戻りたり、車にもなれたり…,More than that in other world, I'm the only one who can transform. To become a car at will and then go back to being a cat
調べてみたが、該当するような 事件は見つからない…,I looked into it but I can't find anything relevant to the incident...
おい、猫の誘拐事件に関わることかもしれないぞ。 詳しく話を聞いてみようぜ。,Hey, it might have something to do with cat kidnappings. Let's throughly ask him about that.
ターゲットを特定しました。 アジトで全会一致をしましょう。,You identified the target. Now unanimously decide in the hideout.
こないだ言ったでしょ？ 心を強くしたいって。,I told you the other day, right? That I want to make my heart strong.
ねえ… これでペルソナが強くなっても微妙じゃない？,Hey, don't you think that it's doubtful that persona will get stronger that way?
モデルの事務所から、業務連絡。,It was my model agency. They contacted me regarding work
両親、服のデザイナーで、 ファッションショーとか担当してるの。,My parents are clothing designers. They're responsible for fashion shows and stuff like that.
「家事代行サービス」！,Cleaning service! They will do all the domestic chores for us!
「可愛いメイドがあなたの為に何でも致します」…って！！,"It says: ""Our cute maids will do anything for you"""
家事代行業をうたう怪しいサービス… その実態を俺たちの目で見極めるんだよ！,Some sort of fishy service declaring that they do house chores... We better make sure of it with our own eyes. Let's find out how things truly are!
でしょ！？ もし詐欺なら、成敗しないと！,Right? And if that's a scam we'll have no choice but to punish them!
猫の爪って結構鋭いんだね…,Cat claw is rather sharp...
さて、今日は、そんな「痛み」について、 もっと違う角度で考えてみようと思うんだ。,"Well then, I think we can talk about that ""pain"" and try and look at it from an even more different angle"
目に見えない心を「痛み」を治療するって、 やっぱり難しくて…,Treating the pain of a heart you can't see is difficult, as expected.
ま、まるで燃えるような苦しさだ！,It's the sort of pain that feels like as if I was burning!
その問題を解決するためにも、僕は 人の心をもっと研究したい。,I order to find a solution to this problem I want to research people's hearts more.
し、知らねえよ！ 家事頼むのになん年齢とか…,I-I don't know! We only requested housework, what does it have to do with age and stuff like that?
ご主人様がお望みなら他にも色んな「ご奉仕」 させてもらっちゃうにゃん！,"If the master so desires then there're other ""Services"" that I can provide you, meow!"
鴨志田先生の事件のあと、 他の教師の裏の顔、探ってたからな。,After the incident with Kamoshida-sensei, she started spying on other teachers behind their back.
たっくさん人がいて、たっくさんお店があって、 すぐ近くに公園があって、鴨とかいて…,There're soo many people, sooo many stores and so close to it there's a park with ducks and things like that
それで、仲良くなって… その時から、志帆は一番大切な人。,And then we got along really well and since that time Shiho have been the most precious person to me.
ほら、ヒーローものの番組とかでも、 世界征服をたくらむ悪役っているでしょ？,Do you remember? it's like a program with lead hero where there're villains who are plotting world conquest.
それって、「折れない心」があるってことだよね。,"And they(heroes) have this ""Unbreakable heart"", don't they?"
アクション女優になる！,I'll become action actress!
将来のことあんまり考えてこなかったけど、 目標、1個できちゃった！,I didn't really think about the future much but I already got one goal!
目標できたよって、志帆に報告しなきゃ！,Because I got that goal, I have to tell it to Shiho!
明日はみんなで原宿かー。 寝坊しないようにもう寝ようぜ！,Tomorrow we meet everyone at Harajuku. Let's hit the bed to not oversleep!
原宿は今や世界のポップカルチャーの先端。 世界中から人が集まる街だろ？,Harajuku now is at the forefront of global pop culture. It's a town where people from all over the world gather, right?
ジョーカーは、個性的なファッションの人って どう思う？,Joker, what do you think people who have a personal fashion style?
わがはい、猫っぽいけど、 中身はよりもジェントルマンだからな！,I might look like a cat but deep inside I'm more of a gentleman than anyone!
前から思ってたけど、 あきらの猫…よく鳴くよな。,I thought about this before but your cat sure is making a lot of sounds, Akira.
列車暴走事故に、謎の意識不明現象、 教師が乱れる学校…,The runaway train incident, mysterious phenomenon with people being unconscious, school put in dissaray by a teacher...
大人世代が作った社会問題を 子供世代に押し付けること…,We push social problems created by generation of adults forward to young generation...
たとえ聴衆が多くても少なくても、 つねに一対一の気持ちで伝えなければいけないよ。,Be your audience on the bigger or on the smaller end, you always have to convey your speech with a feeling like it's one-to-one
信念のある政治家,(I want to become) Politician that has convictions
今日は清掃活動だな。,Today we have some cleaning to do, right?
見て見ぬふりはできない,I can't just look at that and pretend I don't see it
班ごとに決められた区画の ゴミを拾っていってください。,Split up in groups that were decided for you and then please start picking up garbage.
みんなの公園をこんなに汚して… これも悪い大人の仕業だな。,Everyone polluted this park that much. This must be the fault of rotten adults too.
特殊な器具の扱いにも心得があるようね。,You probably had knowledge about how to use some special tools, right?
うえ。おまえ、埃っぽいぞ。 さっさと着替えてくれ。,Uhh, you look dusty (covered in dust). Go and change clothes already.
やることはやったし、 後は結果を待つしかねえな。,We did what we could do, now we have no choice but to wait for the result.
貴方、花粉は大丈夫？,Are you (feeling) ok in the pollen?
良い薬があるの。 1体で治ると思うから。理論的には。,I think I have some good medicine that will heal it in one go. Theoretically.
私の名前、業界的なブラックリストに ばっちり載ってるの。,My name is completely placed in the blacklist in the industry.
前の職場…都内の大学病院に 勤めてた時の話。,It has something to do with my old workplace, at that time I was working in a university hospital in Tokyo area.
良かったら、色々教えてください。 毎日の日課とか…ストレッチの種類とか。,If that's ok please teach me a lot of things. Like your daily routine for example...do you do a lot of stretching?
『こんな雑誌のモデル、どうでもいい』って ことですか！？,So you mean that you don't care about modeling for this magazine, is that it?
と言いたいところだけど、今日はラッキーデイだ！ テーブルの上にご注目！,...Or I would say that but today is a lucky day! Observe! On the top of the table.
うん、遠慮せずどうぞ。 おかわりもあるからね？,Yeah, eat without holding back. There's more where that came from.
主人公のSPが減少している時に、 自身のSPを回復することがある,When protagonist's SP is reduced he has a chance to recover it.
すみません、 子供を診てほしいのですが...,Excuse me, I want you to examine my child...
これまでの検査内容と薬、 本当にさっき言ってたのだけ？,Are you certain that you've told me everything about inspection results up until now?
そう言えば、彼は助手の先生…ですか？ 随分と若いけど…,That said, is he your assistant? He seems terribly young...
でも、告訴するにしても 個展終わってからでしょ？,But to in order for him to press charges exhibition has to end, right?
あー聞いた事ある、怪盗団。悪い心を盗むんだって。 だから犯人、自分から謝罪しちゃうって話。,Ah, I've heard of them before. Phantom thieves. They steal evil hearts, that's why culprits apologize themselves.
変な事件も多い、 例の画家のニュース騒がしいしね。,There're a lot of weird incidents. The news about the painter before made a lot of noise.
今まで以上に警戒した方がいいぜ。,We better stay alert from now and moving forward.
まあ、祐介も一人になって、 いつでも集まり易くなったけどな。,Well, because Yusuke just started living by himself, it's gonna be easy to come together anytime.
鈴井志帆に続いて、 また面識の浅い他人の為にやったっていうの？,So after Suzui Shiho you again did it for sake of some acquaintance you knew for a short time, is that it?
喋る気はない,I have no intention of telling you that
この頃からよね。 怪盗団人気に火が点き始めたのは。,It started around that time, right? The fire of Phantom Thieves popularity has begun to burn.
ネットに嘘が溢れて『自分にも予告状が届いた』 だの、『怪盗に助けられた』だの…,"Internet started brimming over with lies. ""A calling card got delivered to me"" or ""I was saved by Phantom Thieves"" and such..."
情報収集の手間が10倍になったわよ…,Gathering information became 10 times more time consuming...
次の標的はこの男…,Your next target was this man...
ここまでの「あらすじ」が更新されました。,The summary up until now has been updated.
秀尽学園の鴨志田、そして今回の斑目… 共通点がいくつか見つかっています。,Kamoshida of the Shujin Academy and Madarame in this case. I've found several things in common in those cases.
そういえば、今回は無料券を使ったが 次に遊ぶ時からは有料なんだな。,By the way, this time we used our free coupon. Starting from next time playing here won't be free.
全てを損得だけで決めるなら、心なんて必要ない。 機械にだって出来る…それで生きたと言えますか？,Deciding everything only based on losses and gains, something like a heart is not necessary for that. We can even be like machines...but is that a way to live?
次の選挙で、早くも落選。 自分の力じゃなかったと思い知らされた。,At the next election I was quickly defeated. I was made to realise that I was elected (first time) not because of my abilities.
政治の基礎は心得ているから、 吉田は、いい先生になると思うよ。,You have fundamental understanding of politics. Yoshida, I think you'll become a great teacher.
ただ…君がもし、本当に選挙で勝って 議員になるつもりなら、参考程度にしとくんだな。,But in case you really want to win an election and have an intention to become a member of parlament, you better follow his consultation.
なんか番組収録見れるらしいよ！ 女優とかいるんじゃない？,We'll be able to see them recording a show or somethink like that! There could be actresses there, right?
そのままだと濡れる,You'll get wet this way
夏の始まりと終わりに、 大きな大会あるんです。,There're some big tournaments at the start and at the end of summer
けど、そういう特別扱いみたいなの なんか嫌じゃないですか。,But a special treatment like that...I don't really want that.
ここからは新しいエリアって事だな。 なんとなく、構造が分かって来た…,From here on it's a new area. For one reason or another I've come to understand the structure of this place
今日は校長が不在なの。 明日、確認するから待って。,Headmaster is absent today. Wait till tomorrow, I'll confirm that with him
とはいえ情報もないし、 ミシマが尻尾をつかむのを待つしかないか。,Notetheless, we don't have information. We have no choice but to wait for Mishima to catch them by their tail.
私の医療ミスの事も教えたのに…,Even though I told them about my medical treatment error ...
『クロフォード・エンデ病』。 私が新薬開発を指揮していた、難病の名前。,"I supervised the development of a new drug for an incurable disease called ""Crowford-Ende disease"""
筋肉が攻撃されると日常生活に支障をきたす。 けれど、死に至るには時間がかかる…,When it attacks muscles that causes difficulties in patient's daily life. And although it takes time to lead to death...
新薬の開発者になって大出世？ それともくだらない名誉欲？,He became supevisor of a new drug to have a successful career? Or maybe it was some foolish desire for glory?
新薬の開発は凍結されたから、 もうあの病院にいる必要もなくなったし。,Because they suspended the development of this new drug, it became unnecessary for me to be in that hospital anymore.
そしたら、募金っていうか… 予想以上の額、集まっちゃって。,And then, about the fund-raising... I've gathered a sum way beyond expectations.
前にニュースで見たんだけど、 目的を偽った募金活動は詐欺になるとか…,I saw that before on the news. Their goal was to deceive people by collecting their money. It turned out to be a scam...
うん、我ながら大衆心理を掴んだ戦略… やっぱ、俺、こういう事の才能あるのかも。,Yeah, as long as I do this strategy of keeping a grip on general public's state of mind... As you would expect I have a talent for things like that.
校長もセクハラのこと知ってたのに、 放置してたんだって。,Even though principal knew about sexual harassment, he just left it as is.
広く情報を募れば、 調査が捗るだろうと思ってね。,I thought that if we expand our ways to gather information(by recruiting people), your investigation would make good progress.
秀尽学園内に、犯罪組織に脅されている 生徒がいるようなんです。,There're students in the Shujin Academy who are being threatened by a criminal organization.
掲示を見た生徒から相談があり… 対策をお願いできませんか？,I saw it on a placard and discussed it with students... May I ask you to come up with measures against that?
その犯罪組織とやらの話を追えば、 怪盗の手掛かりも得られるに違いない！,If you pursue these rumors about the criminal organization, the for sure you'll be able to obtain clues on Phantom Thieves!
どっかその辺に 大物転がってねえかな…,Bigshots aren't just lying around somethere in our area...
もしかして次のターゲットに 芸能人なんていいんじゃないか？,Could the next target be some sort of performer or something?
筋がいいですね、先輩。 柔軟性が高いし、上達も早いです！,You have good muscles, don't you, senpai? You have very high flexibility and improving very fast!
ちょっと、いま調子悪くて。 複雑な動きを実演できるか不安です。,My physical condition is quite bad now. I'm nervous about my ability to demonstrate these complicated moves.
実は私… 最近、スランプ気味…なんです。,To tell you the truth... I'm in a bit of a slump lately.
でも…高校に入ってからスランプになっちゃって。 身長が伸びたり、その…環境の変化とか。,But since I got into high school, I've in that slump. My height got higher and my environment changed...
かすみは慌てて走り去っていた…,Kasumi ran off in a hurry...
宇宙は体験出来なかったが、 味は悪くなかったぞ。,We didn't get to have a hands-on space experience, but the taste wasn't too bad.
退屈なのは分かるけど、 頼むから問題だけは起こさないでよ。,I understand you're feeling bored, but please, just don't cause trouble.
あー…『ドームタウン』か？　丸いアレは野球場だな。 あと周りは遊園地。,Ah, you mean Dome town? Round thing is a baseball stadium. And around it is the amusement park.
気分ワル… マジ、酔った…,I feel bad...like really sick...
なんでも、探偵として、 いま気になっている事件があるとか。,I heard that as an investigator you have some sort of case that you're interested in.
もし仮に、怪盗がいるとして… 彼らのこと、どう思いますか？,Supposing Phantom Thieves exist, what do you think of them?
そういう仮定の話です。 でも、決して無視はできない。,I say this hypothetically, but we can't ignore them by no means(if they exist).
怪チャンの運営と管理だけじゃなくて、 もっともっと怪盗団が有名になれるようにさ！,I want to not only manage and control the Phan-site, but to be able to make the Phantom thieves more and more famous!
調理器具の棚がある。 鍋はあるだろうか…,There's a shelf with cooking tools. There's probably a pot here...
あなたも将来の為に、 今やるべきことだけに目を向けなさい。,For the sake of your future you better direct your attention only to currently necessary things.
互いを知るにはいい機会だ。,That's a great chance for us to get to know each other.
学校は『みんな平等』と教えるが、 現実は、そんな綺麗事ばかりじゃない…,At schools they teach that everyone is equal, but reality isn't so pretty at all...
「ガキが、いきなり俺に乱暴をしてきた」ってな。,Tell them that this kid assaulted me all of the sudden.
それに僕は自分に備わった才能を使って　 世のために奉仕しているにすぎない。,Besides, I only use the talent that I'm provided with(that I have) merely in order to serve this world
なんで、私ばかり責められるの…,Why am I the only one getting criticized?